URL,product_id,Русский slug,Украинский slug,images,item_name,category_name,manufacturer_name,sku,model,stock_status,is_active,warranty,price,Русский title,Русский description,Украинский title,Украинский description,Ширина,Высота,Длина,Цвет товара
https://001.com.ua/perforirovannyy-korob-40x25-2000-mm-asko-ukrem,new,,,https://001.com.ua/media/photos/asko/cabling/asko-korob-perforovannyy-40x25-a0070020019-photo.jpg,"Перфорированный короб 40×25/2000 мм, АСКО-УКРЕМ",Перфорированные кабель-каналы (короба),АСКО-УКРЕМ,A0070020019,A0070020019,instock,1,12,"67,76","Перфорированный короб 40×25/2000 мм, АСКО-УКРЕМ","<h2>Описание товара</h2><p>Предназначен для удобства прокладки электропроводки внутри электроустановок. Изготовлен из ПВХ, не поддерживающего горение.</p><p>Элементы короба крепятся к основанию винтами (саморезами) и стыкуются между собой с помощью пластмассовых угловых соединителей.</p> <h2>Технические характеристики</h2><table><tbody><tr><td>Ширина, мм</td><td>25</td></tr><tr><td>Высота, мм</td><td>40</td></tr><tr><td>Длина, мм</td><td>2000</td></tr><tr><td>Цвет</td><td>синий</td></tr></tbody></table>","Перфорований короб 40×25/2000 мм, АСКО-УКРЕМ","<h2>Опис товару</h2><p>Призначений для зручності прокладки електропроводки всередині електроустановок. Виготовлений з ПВХ, що не підтримує горіння.</p><p>Елементи короба кріпляться до основи гвинтами (саморізами) та стикуються між собою за допомогою пластмасових кутових з'єднувачів.</p> <h2>Технічні характеристики</h2><table><tbody><tr><td>Ширина, мм</td><td>25</td></tr><tr><td>Висота, мм</td><td>40</td></tr><tr><td>Довжина, мм</td><td>2000</td></tr><tr><td>Колір</td><td>синій</td></tr></tbody></table>",Русский ~ 25,Русский ~ 40,Русский ~ 2000,Русский ~ Синий
https://001.com.ua/perforirovannyy-korob-50x25-2000-mm-asko-ukrem,new,,,https://001.com.ua/media/photos/asko/cabling/asko-korob-perforovannyy-50x25-a0070020023-photo.jpg,"Перфорированный короб 50×25/2000 мм, АСКО-УКРЕМ",Перфорированные кабель-каналы (короба),АСКО-УКРЕМ,A0070020023,A0070020023,instock,1,12,"76,01","Перфорированный короб 50×25/2000 мм, АСКО-УКРЕМ","<h2>Описание товара</h2><p>Предназначен для удобства прокладки электропроводки внутри электроустановок. Изготовлен из ПВХ, не поддерживающего горение.</p><p>Элементы короба крепятся к основанию винтами (саморезами) и стыкуются между собой с помощью пластмассовых угловых соединителей.</p> <h2>Технические характеристики</h2><table><tbody><tr><td>Ширина, мм</td><td>25</td></tr><tr><td>Высота, мм</td><td>50</td></tr><tr><td>Длина, мм</td><td>2000</td></tr><tr><td>Цвет</td><td>синий</td></tr></tbody></table>","Перфорований короб 50×25/2000 мм, АСКО-УКРЕМ","<h2>Опис товару</h2><p>Призначений для зручності прокладки електропроводки всередині електроустановок. Виготовлений з ПВХ, що не підтримує горіння.</p><p>Елементи короба кріпляться до основи гвинтами (саморізами) та стикуються між собою за допомогою пластмасових кутових з'єднувачів.</p> <h2>Технічні характеристики</h2><table><tbody><tr><td>Ширина, мм</td><td>25</td></tr><tr><td>Висота, мм</td><td>50</td></tr><tr><td>Довжина, мм</td><td>2000</td></tr><tr><td>Колір</td><td>синій</td></tr></tbody></table>",Русский ~ 25,Русский ~ 50,Русский ~ 2000,Русский ~ Синий
https://001.com.ua/perforirovannyy-korob-20x15-2000-mm-asko-ukrem,new,,,https://001.com.ua/media/photos/asko/cabling/asko-korob-perforovannyy-20x15-a0070020001-photo.jpg,"Перфорированный короб 20×15/2000 мм, АСКО-УКРЕМ",Перфорированные кабель-каналы (короба),АСКО-УКРЕМ,A0070020001,A0070020001,instock,1,12,"44,69","Перфорированный короб 20×15/2000 мм, АСКО-УКРЕМ","<h2>Описание товара</h2><p>Предназначен для удобства прокладки электропроводки внутри электроустановок. Изготовлен из ПВХ, не поддерживающего горение.</p><p>Элементы короба крепятся к основанию винтами (саморезами) и стыкуются между собой с помощью пластмассовых угловых соединителей.</p> <h2>Технические характеристики</h2><table><tbody><tr><td>Ширина, мм</td><td>15</td></tr><tr><td>Высота, мм</td><td>20</td></tr><tr><td>Длина, мм</td><td>2000</td></tr><tr><td>Цвет</td><td>синий</td></tr></tbody></table>","Перфорований короб 20×15/2000 мм, АСКО-УКРЕМ","<h2>Опис товару</h2><p>Призначений для зручності прокладки електропроводки всередині електроустановок. Виготовлений з ПВХ, що не підтримує горіння.</p><p>Елементи короба кріпляться до основи гвинтами (саморізами) та стикуються між собою за допомогою пластмасових кутових з'єднувачів.</p> <h2>Технічні характеристики</h2><table><tbody><tr><td>Ширина, мм</td><td>15</td></tr><tr><td>Висота, мм</td><td>20</td></tr><tr><td>Довжина, мм</td><td>2000</td></tr><tr><td>Колір</td><td>синій</td></tr></tbody></table>",Русский ~ 15,Русский ~ 20,Русский ~ 2000,Русский ~ Синий
https://001.com.ua/perforirovannyy-korob-20x20-2000-mm-asko-ukrem,new,,,https://001.com.ua/media/photos/asko/cabling/asko-korob-perforovannyy-20x20-a0070020018-photo.jpg ;; https://001.com.ua/media/photos/asko/cabling/gabarinye-razmery-asko-korob-perforovannyy-20x20-a0070020018-photo.jpg,"Перфорированный короб 20×20/2000 мм, АСКО-УКРЕМ",Перфорированные кабель-каналы (короба),АСКО-УКРЕМ,A0070020018,A0070020018,instock,1,12,"58,22","Перфорированный короб 20×20/2000 мм, АСКО-УКРЕМ","<h2>Описание товара</h2><p>Предназначен для удобства прокладки электропроводки внутри электроустановок. Изготовлен из ПВХ, не поддерживающего горение.</p><p>Элементы короба крепятся к основанию винтами (саморезами) и стыкуются между собой с помощью пластмассовых угловых соединителей.</p> <h2>Технические характеристики</h2><table><tbody><tr><td>Ширина, мм</td><td>20</td></tr><tr><td>Высота, мм</td><td>20</td></tr><tr><td>Длина, мм</td><td>2000</td></tr><tr><td>Цвет</td><td>синий</td></tr></tbody></table>","Перфорований короб 20×20/2000 мм, АСКО-УКРЕМ","<h2>Опис товару</h2><p>Призначений для зручності прокладки електропроводки всередині електроустановок. Виготовлений з ПВХ, що не підтримує горіння.</p><p>Елементи короба кріпляться до основи гвинтами (саморізами) та стикуються між собою за допомогою пластмасових кутових з'єднувачів.</p> <h2>Технічні характеристики</h2><table><tbody><tr><td>Ширина, мм</td><td>20</td></tr><tr><td>Висота, мм</td><td>20</td></tr><tr><td>Довжина, мм</td><td>2000</td></tr><tr><td>Колір</td><td>синій</td></tr></tbody></table>",Русский ~ 20,Русский ~ 20,Русский ~ 2000,Русский ~ Синий
https://001.com.ua/perforirovannyy-korob-25x25-2000-mm-asko-ukrem,new,,,https://001.com.ua/media/photos/asko/cabling/asko-korob-perforovannyy-25x25-a0070020003-photo.jpg ;; https://001.com.ua/media/photos/asko/cabling/gabarinye-razmery-asko-korob-perforovannyy-25x25-a0070020003-photo.jpg,"Перфорированный короб 25×25/2000 мм, АСКО-УКРЕМ",Перфорированные кабель-каналы (короба),АСКО-УКРЕМ,A0070020003,A0070020003,instock,1,12,"52,60","Перфорированный короб 25×25/2000 мм, АСКО-УКРЕМ","<h2>Описание товара</h2><p>Предназначен для удобства прокладки электропроводки внутри электроустановок. Изготовлен из ПВХ, не поддерживающего горение.</p><p>Элементы короба крепятся к основанию винтами (саморезами) и стыкуются между собой с помощью пластмассовых угловых соединителей.</p> <h2>Технические характеристики</h2><table><tbody><tr><td>Ширина, мм</td><td>25</td></tr><tr><td>Высота, мм</td><td>25</td></tr><tr><td>Длина, мм</td><td>2000</td></tr><tr><td>Цвет</td><td>синий</td></tr></tbody></table>","Перфорований короб 25×25/2000 мм, АСКО-УКРЕМ","<h2>Опис товару</h2><p>Призначений для зручності прокладки електропроводки всередині електроустановок. Виготовлений з ПВХ, що не підтримує горіння.</p><p>Елементи короба кріпляться до основи гвинтами (саморізами) та стикуються між собою за допомогою пластмасових кутових з'єднувачів.</p> <h2>Технічні характеристики</h2><table><tbody><tr><td>Ширина, мм</td><td>25</td></tr><tr><td>Висота, мм</td><td>25</td></tr><tr><td>Довжина, мм</td><td>2000</td></tr><tr><td>Колір</td><td>синій</td></tr></tbody></table>",Русский ~ 25,Русский ~ 25,Русский ~ 2000,Русский ~ Синий
https://001.com.ua/perforirovannyy-korob-30x30-2000-mm-asko-ukrem,new,,,https://001.com.ua/media/photos/asko/cabling/asko-korob-perforovannyy-30x30-a0070020005-photo.jpg ;; https://001.com.ua/media/photos/asko/cabling/gabarinye-razmery-asko-korob-perforovannyy-30x30-a0070020005-photo.jpg,"Перфорированный короб 30×30/2000 мм, АСКО-УКРЕМ",Перфорированные кабель-каналы (короба),АСКО-УКРЕМ,A0070020005,A0070020005,instock,1,12,"60,14","Перфорированный короб 30×30/2000 мм, АСКО-УКРЕМ","<h2>Описание товара</h2><p>Предназначен для удобства прокладки электропроводки внутри электроустановок. Изготовлен из ПВХ, не поддерживающего горение.</p><p>Элементы короба крепятся к основанию винтами (саморезами) и стыкуются между собой с помощью пластмассовых угловых соединителей.</p> <h2>Технические характеристики</h2><table><tbody><tr><td>Ширина, мм</td><td>30</td></tr><tr><td>Высота, мм</td><td>30</td></tr><tr><td>Длина, мм</td><td>2000</td></tr><tr><td>Цвет</td><td>синий</td></tr></tbody></table>","Перфорований короб 30×30/2000 мм, АСКО-УКРЕМ","<h2>Опис товару</h2><p>Призначений для зручності прокладки електропроводки всередині електроустановок. Виготовлений з ПВХ, що не підтримує горіння.</p><p>Елементи короба кріпляться до основи гвинтами (саморізами) та стикуються між собою за допомогою пластмасових кутових з'єднувачів.</p> <h2>Технічні характеристики</h2><table><tbody><tr><td>Ширина, мм</td><td>30</td></tr><tr><td>Висота, мм</td><td>30</td></tr><tr><td>Довжина, мм</td><td>2000</td></tr><tr><td>Колір</td><td>синій</td></tr></tbody></table>",Русский ~ 30,Русский ~ 30,Русский ~ 2000,Русский ~ Синий
https://001.com.ua/perforirovannyy-korob-40x30-2000-mm-asko-ukrem,new,,,https://001.com.ua/media/photos/asko/cabling/asko-korob-perforovannyy-40x30-a0070020021-photo.jpg,"Перфорированный короб 40×30/2000 мм, АСКО-УКРЕМ",Перфорированные кабель-каналы (короба),АСКО-УКРЕМ,A0070020021,A0070020021,instock,1,12,"79,16","Перфорированный короб 40×30/2000 мм, АСКО-УКРЕМ","<h2>Описание товара</h2><p>Предназначен для удобства прокладки электропроводки внутри электроустановок. Изготовлен из ПВХ, не поддерживающего горение.</p><p>Элементы короба крепятся к основанию винтами (саморезами) и стыкуются между собой с помощью пластмассовых угловых соединителей.</p> <h2>Технические характеристики</h2><table><tbody><tr><td>Ширина, мм</td><td>30</td></tr><tr><td>Высота, мм</td><td>40</td></tr><tr><td>Длина, мм</td><td>2000</td></tr><tr><td>Цвет</td><td>синий</td></tr></tbody></table>","Перфорований короб 40×30/2000 мм, АСКО-УКРЕМ","<h2>Опис товару</h2><p>Призначений для зручності прокладки електропроводки всередині електроустановок. Виготовлений з ПВХ, що не підтримує горіння.</p><p>Елементи короба кріпляться до основи гвинтами (саморізами) та стикуються між собою за допомогою пластмасових кутових з'єднувачів.</p> <h2>Технічні характеристики</h2><table><tbody><tr><td>Ширина, мм</td><td>30</td></tr><tr><td>Висота, мм</td><td>40</td></tr><tr><td>Довжина, мм</td><td>2000</td></tr><tr><td>Колір</td><td>синій</td></tr></tbody></table>",Русский ~ 30,Русский ~ 40,Русский ~ 2000,Русский ~ Синий
https://001.com.ua/perforirovannyy-korob-40x40-2000-mm-asko-ukrem,new,,,https://001.com.ua/media/photos/asko/cabling/asko-korob-perforovannyy-40x40-a0070020007-photo.jpg ;; https://001.com.ua/media/photos/asko/cabling/gabarinye-razmery-asko-korob-perforovannyy-40x40-a0070020007-photo.jpg,"Перфорированный короб 40×40/2000 мм, АСКО-УКРЕМ",Перфорированные кабель-каналы (короба),АСКО-УКРЕМ,A0070020007,A0070020007,instock,1,12,"82,19","Перфорированный короб 40×40/2000 мм, АСКО-УКРЕМ","<h2>Описание товара</h2><p>Предназначен для удобства прокладки электропроводки внутри электроустановок. Изготовлен из ПВХ, не поддерживающего горение.</p><p>Элементы короба крепятся к основанию винтами (саморезами) и стыкуются между собой с помощью пластмассовых угловых соединителей.</p> <h2>Технические характеристики</h2><table><tbody><tr><td>Ширина, мм</td><td>40</td></tr><tr><td>Высота, мм</td><td>40</td></tr><tr><td>Длина, мм</td><td>2000</td></tr><tr><td>Цвет</td><td>синий</td></tr></tbody></table>","Перфорований короб 40×40/2000 мм, АСКО-УКРЕМ","<h2>Опис товару</h2><p>Призначений для зручності прокладки електропроводки всередині електроустановок. Виготовлений з ПВХ, що не підтримує горіння.</p><p>Елементи короба кріпляться до основи гвинтами (саморізами) та стикуються між собою за допомогою пластмасових кутових з'єднувачів.</p> <h2>Технічні характеристики</h2><table><tbody><tr><td>Ширина, мм</td><td>40</td></tr><tr><td>Висота, мм</td><td>40</td></tr><tr><td>Довжина, мм</td><td>2000</td></tr><tr><td>Колір</td><td>синій</td></tr></tbody></table>",Русский ~ 40,Русский ~ 40,Русский ~ 2000,Русский ~ Синий
https://001.com.ua/perforirovannyy-korob-50x50-2000-mm-asko-ukrem,new,,,https://001.com.ua/media/photos/asko/cabling/asko-korob-perforovannyy-50x50-a0070020009-photo.jpg ;; https://001.com.ua/media/photos/asko/cabling/gabarinye-razmery-asko-korob-perforovannyy-50x50-a0070020009-photo.jpg,"Перфорированный короб 50×50/2000 мм, АСКО-УКРЕМ",Перфорированные кабель-каналы (короба),АСКО-УКРЕМ,A0070020009,A0070020009,instock,1,12,"103,41","Перфорированный короб 50×50/2000 мм, АСКО-УКРЕМ","<h2>Описание товара</h2><p>Предназначен для удобства прокладки электропроводки внутри электроустановок. Изготовлен из ПВХ, не поддерживающего горение.</p><p>Элементы короба крепятся к основанию винтами (саморезами) и стыкуются между собой с помощью пластмассовых угловых соединителей.</p> <h2>Технические характеристики</h2><table><tbody><tr><td>Ширина, мм</td><td>50</td></tr><tr><td>Высота, мм</td><td>50</td></tr><tr><td>Длина, мм</td><td>2000</td></tr><tr><td>Цвет</td><td>синий</td></tr></tbody></table>","Перфорований короб 50×50/2000 мм, АСКО-УКРЕМ","<h2>Опис товару</h2><p>Призначений для зручності прокладки електропроводки всередині електроустановок. Виготовлений з ПВХ, що не підтримує горіння.</p><p>Елементи короба кріпляться до основи гвинтами (саморізами) та стикуються між собою за допомогою пластмасових кутових з'єднувачів.</p> <h2>Технічні характеристики</h2><table><tbody><tr><td>Ширина, мм</td><td>50</td></tr><tr><td>Висота, мм</td><td>50</td></tr><tr><td>Довжина, мм</td><td>2000</td></tr><tr><td>Колір</td><td>синій</td></tr></tbody></table>",Русский ~ 50,Русский ~ 50,Русский ~ 2000,Русский ~ Синий
https://001.com.ua/perforirovannyy-korob-50x80-2000-mm-asko-ukrem,new,,,https://001.com.ua/media/photos/asko/cabling/asko-korob-perforovannyy-50x80-a0070020010-photo.jpg,"Перфорированный короб 50×80/2000 мм, АСКО-УКРЕМ",Перфорированные кабель-каналы (короба),АСКО-УКРЕМ,A0070020010,A0070020010,instock,1,12,"129,63","Перфорированный короб 50×80/2000 мм, АСКО-УКРЕМ","<h2>Описание товара</h2><p>Предназначен для удобства прокладки электропроводки внутри электроустановок. Изготовлен из ПВХ, не поддерживающего горение.</p><p>Элементы короба крепятся к основанию винтами (саморезами) и стыкуются между собой с помощью пластмассовых угловых соединителей.</p> <h2>Технические характеристики</h2><table><tbody><tr><td>Ширина, мм</td><td>80</td></tr><tr><td>Высота, мм</td><td>50</td></tr><tr><td>Длина, мм</td><td>2000</td></tr><tr><td>Цвет</td><td>синий</td></tr></tbody></table>","Перфорований короб 50×80/2000 мм, АСКО-УКРЕМ","<h2>Опис товару</h2><p>Призначений для зручності прокладки електропроводки всередині електроустановок. Виготовлений з ПВХ, що не підтримує горіння.</p><p>Елементи короба кріпляться до основи гвинтами (саморізами) та стикуються між собою за допомогою пластмасових кутових з'єднувачів.</p> <h2>Технічні характеристики</h2><table><tbody><tr><td>Ширина, мм</td><td>80</td></tr><tr><td>Висота, мм</td><td>50</td></tr><tr><td>Довжина, мм</td><td>2000</td></tr><tr><td>Колір</td><td>синій</td></tr></tbody></table>",Русский ~ 80,Русский ~ 50,Русский ~ 2000,Русский ~ Синий
https://001.com.ua/perforirovannyy-korob-60x60-2000-mm-asko-ukrem,new,,,https://001.com.ua/media/photos/asko/cabling/asko-korob-perforovannyy-60x60-a0070020011-photo.jpg ;; https://001.com.ua/media/photos/asko/cabling/gabarinye-razmery-asko-korob-perforovannyy-60x60-a0070020011-photo.jpg,"Перфорированный короб 60×60/2000 мм, АСКО-УКРЕМ",Перфорированные кабель-каналы (короба),АСКО-УКРЕМ,A0070020011,A0070020011,instock,1,12,"114,36","Перфорированный короб 60×60/2000 мм, АСКО-УКРЕМ","<h2>Описание товара</h2><p>Предназначен для удобства прокладки электропроводки внутри электроустановок. Изготовлен из ПВХ, не поддерживающего горение.</p><p>Элементы короба крепятся к основанию винтами (саморезами) и стыкуются между собой с помощью пластмассовых угловых соединителей.</p> <h2>Технические характеристики</h2><table><tbody><tr><td>Ширина, мм</td><td>60</td></tr><tr><td>Высота, мм</td><td>60</td></tr><tr><td>Длина, мм</td><td>2000</td></tr><tr><td>Цвет</td><td>синий</td></tr></tbody></table>","Перфорований короб 60×60/2000 мм, АСКО-УКРЕМ","<h2>Опис товару</h2><p>Призначений для зручності прокладки електропроводки всередині електроустановок. Виготовлений з ПВХ, що не підтримує горіння.</p><p>Елементи короба кріпляться до основи гвинтами (саморізами) та стикуються між собою за допомогою пластмасових кутових з'єднувачів.</p> <h2>Технічні характеристики</h2><table><tbody><tr><td>Ширина, мм</td><td>60</td></tr><tr><td>Висота, мм</td><td>60</td></tr><tr><td>Довжина, мм</td><td>2000</td></tr><tr><td>Колір</td><td>синій</td></tr></tbody></table>",Русский ~ 60,Русский ~ 60,Русский ~ 2000,Русский ~ Синий
https://001.com.ua/perforirovannyy-korob-80x50-2000-mm-asko-ukrem,new,,,https://001.com.ua/media/photos/asko/cabling/asko-korob-perforovannyy-80x50-a0070020022-photo.jpg,"Перфорированный короб 80×50/2000 мм, АСКО-УКРЕМ",Перфорированные кабель-каналы (короба),АСКО-УКРЕМ,A0070020022,A0070020022,instock,1,12,"135,82","Перфорированный короб 80×50/2000 мм, АСКО-УКРЕМ","<h2>Описание товара</h2><p>Предназначен для удобства прокладки электропроводки внутри электроустановок. Изготовлен из ПВХ, не поддерживающего горение.</p><p>Элементы короба крепятся к основанию винтами (саморезами) и стыкуются между собой с помощью пластмассовых угловых соединителей.</p> <h2>Технические характеристики</h2><table><tbody><tr><td>Ширина, мм</td><td>50</td></tr><tr><td>Высота, мм</td><td>80</td></tr><tr><td>Длина, мм</td><td>2000</td></tr><tr><td>Цвет</td><td>синий</td></tr></tbody></table>","Перфорований короб 80×50/2000 мм, АСКО-УКРЕМ","<h2>Опис товару</h2><p>Призначений для зручності прокладки електропроводки всередині електроустановок. Виготовлений з ПВХ, що не підтримує горіння.</p><p>Елементи короба кріпляться до основи гвинтами (саморізами) та стикуються між собою за допомогою пластмасових кутових з'єднувачів.</p> <h2>Технічні характеристики</h2><table><tbody><tr><td>Ширина, мм</td><td>50</td></tr><tr><td>Висота, мм</td><td>80</td></tr><tr><td>Довжина, мм</td><td>2000</td></tr><tr><td>Колір</td><td>синій</td></tr></tbody></table>",Русский ~ 50,Русский ~ 80,Русский ~ 2000,Русский ~ Синий
https://001.com.ua/perforirovannyy-korob-80x80-2000-mm-asko-ukrem,new,,,https://001.com.ua/media/photos/asko/cabling/asko-korob-perforovannyy-80x80-a0070020015-photo.jpg ;; https://001.com.ua/media/photos/asko/cabling/gabarinye-razmery-asko-korob-perforovannyy-80x80-a0070020015-photo.jpg,"Перфорированный короб 80×80/2000 мм, АСКО-УКРЕМ",Перфорированные кабель-каналы (короба),АСКО-УКРЕМ,A0070020015,A0070020015,instock,1,12,"189,63","Перфорированный короб 80×80/2000 мм, АСКО-УКРЕМ","<h2>Описание товара</h2><p>Предназначен для удобства прокладки электропроводки внутри электроустановок. Изготовлен из ПВХ, не поддерживающего горение.</p><p>Элементы короба крепятся к основанию винтами (саморезами) и стыкуются между собой с помощью пластмассовых угловых соединителей.</p> <h2>Технические характеристики</h2><table><tbody><tr><td>Ширина, мм</td><td>80</td></tr><tr><td>Высота, мм</td><td>80</td></tr><tr><td>Длина, мм</td><td>2000</td></tr><tr><td>Цвет</td><td>синий</td></tr></tbody></table>","Перфорований короб 80×80/2000 мм, АСКО-УКРЕМ","<h2>Опис товару</h2><p>Призначений для зручності прокладки електропроводки всередині електроустановок. Виготовлений з ПВХ, що не підтримує горіння.</p><p>Елементи короба кріпляться до основи гвинтами (саморізами) та стикуються між собою за допомогою пластмасових кутових з'єднувачів.</p> <h2>Технічні характеристики</h2><table><tbody><tr><td>Ширина, мм</td><td>80</td></tr><tr><td>Висота, мм</td><td>80</td></tr><tr><td>Довжина, мм</td><td>2000</td></tr><tr><td>Колір</td><td>синій</td></tr></tbody></table>",Русский ~ 80,Русский ~ 80,Русский ~ 2000,Русский ~ Синий
https://001.com.ua/perforirovannyy-korob-100x100-2000-mm-asko-ukrem,new,,,https://001.com.ua/media/photos/asko/cabling/asko-korob-perforovannyy-100x100-a0070020016-photo.jpg ;; https://001.com.ua/media/photos/asko/cabling/gabarinye-razmery-asko-korob-perforovannyy-100x100-a0070020016-photo.jpg,"Перфорированный короб 100×100/2000 мм, АСКО-УКРЕМ",Перфорированные кабель-каналы (короба),АСКО-УКРЕМ,A0070020016,A0070020016,instock,1,12,"300,96","Перфорированный короб 100×100/2000 мм, АСКО-УКРЕМ","<h2>Описание товара</h2><p>Предназначен для удобства прокладки электропроводки внутри электроустановок. Изготовлен из ПВХ, не поддерживающего горение.</p><p>Элементы короба крепятся к основанию винтами (саморезами) и стыкуются между собой с помощью пластмассовых угловых соединителей.</p> <h2>Технические характеристики</h2><table><tbody><tr><td>Ширина, мм</td><td>100</td></tr><tr><td>Высота, мм</td><td>100</td></tr><tr><td>Длина, мм</td><td>2000</td></tr><tr><td>Цвет</td><td>синий</td></tr></tbody></table>","Перфорований короб 100×100/2000 мм, АСКО-УКРЕМ","<h2>Опис товару</h2><p>Призначений для зручності прокладки електропроводки всередині електроустановок. Виготовлений з ПВХ, що не підтримує горіння.</p><p>Елементи короба кріпляться до основи гвинтами (саморізами) та стикуються між собою за допомогою пластмасових кутових з'єднувачів.</p> <h2>Технічні характеристики</h2><table><tbody><tr><td>Ширина, мм</td><td>100</td></tr><tr><td>Висота, мм</td><td>100</td></tr><tr><td>Довжина, мм</td><td>2000</td></tr><tr><td>Колір</td><td>синій</td></tr></tbody></table>",Русский ~ 100,Русский ~ 100,Русский ~ 2000,Русский ~ Синий
https://001.com.ua/korob-plastikovyy-perforirovannyy-e-trunking-perf-stand-15-20-15x20mm-2m-e-next,new,,,https://001.com.ua/media/photos/enext/cable-trunking/enext-korob-kabelnyy-e-trunking-perf-stand-15-20-s13033002-photo.jpg ;; https://001.com.ua/media/photos/enext/cable-trunking/gabaritnye-razmery-enext-e-trunking-perf-stand-15-20-s13033002-photo.jpg,"Короб пластиковый перфорированный e.trunking.perf.stand.15.20 15×20мм 2м, E.NEXT",Перфорированные кабель-каналы (короба),E.NEXT,s13033002,s13033002,instock,1,12,"45,56","Короб пластиковый перфорированный e.trunking.perf.stand.15.20 15×20мм 2м, E.NEXT","<h2>Описание товара</h2><p>Короб пластиковый перфорированный e.trunking.perf.stand предназначен для защиты кабеля и провода от механических повреждений при сборке щитового оборудования.</p> <h2>Технические характеристики</h2><table><tbody><tr><td>Ширина, мм</td><td>15</td></tr><tr><td>Высота, мм</td><td>20</td></tr><tr><td>Длина, мм</td><td>2000</td></tr><tr><td>Цвет</td><td>серый</td></tr></tbody></table>","Короб пластиковий перфорований e.trunking.perf.stand.15.20 15×20мм 2м, E.NEXT","<h2>Опис товару</h2><p>Короб пластиковий перфорований e.trunking.perf.stand призначений для захисту кабелю та проводу від механічних пошкоджень при збиранні щитового обладнання.</p> <h2>Технічні характеристики</h2><table><tbody><tr><td>Ширина, мм</td><td>15</td></tr><tr><td>Висота, мм</td><td>20</td></tr><tr><td>Довжина, мм</td><td>2000</td></tr><tr><td>Колір</td><td>сірий</td></tr></tbody></table>",Русский ~ 15,Русский ~ 20,Русский ~ 2000,Русский ~ Серый
https://001.com.ua/korob-plastikovyy-perforirovannyy-e-trunking-perf-stand-15-30-15x30mm-2m-e-next,new,,,https://001.com.ua/media/photos/enext/cable-trunking/enext-korob-kabelnyy-e-trunking-perf-stand-15-30-s13033004-photo.jpg ;; https://001.com.ua/media/photos/enext/cable-trunking/gabaritnye-razmery-enext-e-trunking-perf-stand-15-30-s13033004-photo.jpg,"Короб пластиковый перфорированный e.trunking.perf.stand.15.30 15×30мм 2м, E.NEXT",Перфорированные кабель-каналы (короба),E.NEXT,s13033004,s13033004,instock,1,12,"58,06","Короб пластиковый перфорированный e.trunking.perf.stand.15.30 15×30мм 2м, E.NEXT","<h2>Описание товара</h2><p>Короб пластиковый перфорированный e.trunking.perf.stand предназначен для защиты кабеля и провода от механических повреждений при сборке щитового оборудования.</p> <h2>Технические характеристики</h2><table><tbody><tr><td>Ширина, мм</td><td>15</td></tr><tr><td>Высота, мм</td><td>30</td></tr><tr><td>Длина, мм</td><td>2000</td></tr><tr><td>Цвет</td><td>серый</td></tr></tbody></table>","Короб пластиковий перфорований e.trunking.perf.stand.15.30 15×30мм 2м, E.NEXT","<h2>Опис товару</h2><p>Короб пластиковий перфорований e.trunking.perf.stand призначений для захисту кабелю та проводу від механічних пошкоджень при збиранні щитового обладнання.</p> <h2>Технічні характеристики</h2><table><tbody><tr><td>Ширина, мм</td><td>15</td></tr><tr><td>Висота, мм</td><td>30</td></tr><tr><td>Довжина, мм</td><td>2000</td></tr><tr><td>Колір</td><td>сірий</td></tr></tbody></table>",Русский ~ 15,Русский ~ 30,Русский ~ 2000,Русский ~ Серый
https://001.com.ua/korob-plastikovyy-perforirovannyy-e-trunking-perf-stand-20-20-20x20mm-2m-e-next,new,,,https://001.com.ua/media/photos/enext/cable-trunking/enext-korob-kabelnyy-e-trunking-perf-stand-20-20-s13033003-photo.jpg ;; https://001.com.ua/media/photos/enext/cable-trunking/gabaritnye-razmery-enext-e-trunking-perf-stand-20-20-s13033003-photo.jpg,"Короб пластиковый перфорированный e.trunking.perf.stand.20.20 20×20мм 2м, E.NEXT",Перфорированные кабель-каналы (короба),E.NEXT,s13033003,s13033003,instock,1,12,"59,76","Короб пластиковый перфорированный e.trunking.perf.stand.20.20 20×20мм 2м, E.NEXT","<h2>Описание товара</h2><p>Короб пластиковый перфорированный e.trunking.perf.stand предназначен для защиты кабеля и провода от механических повреждений при сборке щитового оборудования.</p> <h2>Технические характеристики</h2><table><tbody><tr><td>Ширина, мм</td><td>20</td></tr><tr><td>Высота, мм</td><td>20</td></tr><tr><td>Длина, мм</td><td>2000</td></tr><tr><td>Цвет</td><td>серый</td></tr></tbody></table>","Короб пластиковий перфорований e.trunking.perf.stand.20.20 20×20мм 2м, E.NEXT","<h2>Опис товару</h2><p>Короб пластиковий перфорований e.trunking.perf.stand призначений для захисту кабелю та проводу від механічних пошкоджень при збиранні щитового обладнання.</p> <h2>Технічні характеристики</h2><table><tbody><tr><td>Ширина, мм</td><td>20</td></tr><tr><td>Висота, мм</td><td>20</td></tr><tr><td>Довжина, мм</td><td>2000</td></tr><tr><td>Колір</td><td>сірий</td></tr></tbody></table>",Русский ~ 20,Русский ~ 20,Русский ~ 2000,Русский ~ Серый
https://001.com.ua/korob-plastikovyy-perforirovannyy-e-trunking-perf-stand-20-30-20x30mm-2m-e-next,new,,,https://001.com.ua/media/photos/enext/cable-trunking/enext-korob-kabelnyy-e-trunking-perf-stand-20-30-s13033005-photo.jpg ;; https://001.com.ua/media/photos/enext/cable-trunking/gabaritnye-razmery-enext-e-trunking-perf-stand-20-30-s13033005-photo.jpg,"Короб пластиковый перфорированный e.trunking.perf.stand.20.30 20×30мм 2м, E.NEXT",Перфорированные кабель-каналы (короба),E.NEXT,s13033005,s13033005,instock,1,12,"66,14","Короб пластиковый перфорированный e.trunking.perf.stand.20.30 20×30мм 2м, E.NEXT","<h2>Описание товара</h2><p>Короб пластиковый перфорированный e.trunking.perf.stand предназначен для защиты кабеля и провода от механических повреждений при сборке щитового оборудования.</p> <h2>Технические характеристики</h2><table><tbody><tr><td>Ширина, мм</td><td>20</td></tr><tr><td>Высота, мм</td><td>30</td></tr><tr><td>Длина, мм</td><td>2000</td></tr><tr><td>Цвет</td><td>серый</td></tr></tbody></table>","Короб пластиковий перфорований e.trunking.perf.stand.20.30 20×30мм 2м, E.NEXT","<h2>Опис товару</h2><p>Короб пластиковий перфорований e.trunking.perf.stand призначений для захисту кабелю та проводу від механічних пошкоджень при збиранні щитового обладнання.</p> <h2>Технічні характеристики</h2><table><tbody><tr><td>Ширина, мм</td><td>20</td></tr><tr><td>Висота, мм</td><td>30</td></tr><tr><td>Довжина, мм</td><td>2000</td></tr><tr><td>Колір</td><td>сірий</td></tr></tbody></table>",Русский ~ 20,Русский ~ 30,Русский ~ 2000,Русский ~ Серый
https://001.com.ua/korob-plastikovyy-perforirovannyy-e-trunking-perf-stand-25-65-25x65mm-2m-e-next,new,,,https://001.com.ua/media/photos/enext/cable-trunking/enext-korob-kabelnyy-e-trunking-perf-stand-25-65-s13033013-photo.jpg ;; https://001.com.ua/media/photos/enext/cable-trunking/gabaritnye-razmery-enext-e-trunking-perf-stand-25-65-s13033013-photo.jpg,"Короб пластиковый перфорированный e.trunking.perf.stand.25.65 25×65мм 2м, E.NEXT",Перфорированные кабель-каналы (короба),E.NEXT,s13033013,s13033013,instock,1,12,"146,81","Короб пластиковый перфорированный e.trunking.perf.stand.25.65 25×65мм 2м, E.NEXT","<h2>Описание товара</h2><p>Короб пластиковый перфорированный e.trunking.perf.stand предназначен для защиты кабеля и провода от механических повреждений при сборке щитового оборудования.</p> <h2>Технические характеристики</h2><table><tbody><tr><td>Ширина, мм</td><td>25</td></tr><tr><td>Высота, мм</td><td>65</td></tr><tr><td>Длина, мм</td><td>2000</td></tr><tr><td>Цвет</td><td>серый</td></tr></tbody></table>","Короб пластиковий перфорований e.trunking.perf.stand.25.65 25×65мм 2м, E.NEXT","<h2>Опис товару</h2><p>Короб пластиковий перфорований e.trunking.perf.stand призначений для захисту кабелю та проводу від механічних пошкоджень при збиранні щитового обладнання.</p> <h2>Технічні характеристики</h2><table><tbody><tr><td>Ширина, мм</td><td>25</td></tr><tr><td>Висота, мм</td><td>65</td></tr><tr><td>Довжина, мм</td><td>2000</td></tr><tr><td>Колір</td><td>сірий</td></tr></tbody></table>",Русский ~ 25,Русский ~ 65,Русский ~ 2000,Русский ~ Серый
https://001.com.ua/korob-plastikovyy-perforirovannyy-e-trunking-perf-stand-30-30-30x30mm-2m-e-next,new,,,https://001.com.ua/media/photos/enext/cable-trunking/enext-korob-kabelnyy-e-trunking-perf-stand-30-30-s13033006-photo.jpg ;; https://001.com.ua/media/photos/enext/cable-trunking/gabaritnye-razmery-enext-e-trunking-perf-stand-30-30-s13033006-photo.jpg,"Короб пластиковый перфорированный e.trunking.perf.stand.30.30 30×30мм 2м, E.NEXT",Перфорированные кабель-каналы (короба),E.NEXT,s13033006,s13033006,instock,1,12,"87,66","Короб пластиковый перфорированный e.trunking.perf.stand.30.30 30×30мм 2м, E.NEXT","<h2>Описание товара</h2><p>Короб пластиковый перфорированный e.trunking.perf.stand предназначен для защиты кабеля и провода от механических повреждений при сборке щитового оборудования.</p> <h2>Технические характеристики</h2><table><tbody><tr><td>Ширина, мм</td><td>30</td></tr><tr><td>Высота, мм</td><td>30</td></tr><tr><td>Длина, мм</td><td>2000</td></tr><tr><td>Цвет</td><td>серый</td></tr></tbody></table>","Короб пластиковий перфорований e.trunking.perf.stand.30.30 30×30мм 2м, E.NEXT","<h2>Опис товару</h2><p>Короб пластиковий перфорований e.trunking.perf.stand призначений для захисту кабелю та проводу від механічних пошкоджень при збиранні щитового обладнання.</p> <h2>Технічні характеристики</h2><table><tbody><tr><td>Ширина, мм</td><td>30</td></tr><tr><td>Висота, мм</td><td>30</td></tr><tr><td>Довжина, мм</td><td>2000</td></tr><tr><td>Колір</td><td>сірий</td></tr></tbody></table>",Русский ~ 30,Русский ~ 30,Русский ~ 2000,Русский ~ Серый
https://001.com.ua/korob-plastikovyy-perforirovannyy-e-trunking-perf-stand-30-50-30x50mm-2m-e-next,new,,,https://001.com.ua/media/photos/enext/cable-trunking/enext-korob-kabelnyy-e-trunking-perf-stand-30-50-s13033007-photo.jpg ;; https://001.com.ua/media/photos/enext/cable-trunking/gabaritnye-razmery-enext-e-trunking-perf-stand-30-50-s13033007-photo.jpg,"Короб пластиковый перфорированный e.trunking.perf.stand.30.50 30×50мм 2м, E.NEXT",Перфорированные кабель-каналы (короба),E.NEXT,s13033007,s13033007,instock,1,12,"107,83","Короб пластиковый перфорированный e.trunking.perf.stand.30.50 30×50мм 2м, E.NEXT","<h2>Описание товара</h2><p>Короб пластиковый перфорированный e.trunking.perf.stand предназначен для защиты кабеля и провода от механических повреждений при сборке щитового оборудования.</p> <h2>Технические характеристики</h2><table><tbody><tr><td>Ширина, мм</td><td>30</td></tr><tr><td>Высота, мм</td><td>50</td></tr><tr><td>Длина, мм</td><td>2000</td></tr><tr><td>Цвет</td><td>серый</td></tr></tbody></table>","Короб пластиковий перфорований e.trunking.perf.stand.30.50 30×50мм 2м, E.NEXT","<h2>Опис товару</h2><p>Короб пластиковий перфорований e.trunking.perf.stand призначений для захисту кабелю та проводу від механічних пошкоджень при збиранні щитового обладнання.</p> <h2>Технічні характеристики</h2><table><tbody><tr><td>Ширина, мм</td><td>30</td></tr><tr><td>Висота, мм</td><td>50</td></tr><tr><td>Довжина, мм</td><td>2000</td></tr><tr><td>Колір</td><td>сірий</td></tr></tbody></table>",Русский ~ 30,Русский ~ 50,Русский ~ 2000,Русский ~ Серый
https://001.com.ua/korob-plastikovyy-perforirovannyy-e-trunking-perf-stand-50-50-50x50mm-2m-e-next,new,,,https://001.com.ua/media/photos/enext/cable-trunking/enext-korob-kabelnyy-e-trunking-perf-stand-50-50-s13033009-photo.jpg ;; https://001.com.ua/media/photos/enext/cable-trunking/gabaritnye-razmery-enext-e-trunking-perf-stand-50-50-s13033009-photo.jpg,"Короб пластиковый перфорированный e.trunking.perf.stand.50.50 50×50мм 2м, E.NEXT",Перфорированные кабель-каналы (короба),E.NEXT,s13033009,s13033009,instock,1,12,"150,02","Короб пластиковый перфорированный e.trunking.perf.stand.50.50 50×50мм 2м, E.NEXT","<h2>Описание товара</h2><p>Короб пластиковый перфорированный e.trunking.perf.stand предназначен для защиты кабеля и провода от механических повреждений при сборке щитового оборудования.</p> <h2>Технические характеристики</h2><table><tbody><tr><td>Ширина, мм</td><td>50</td></tr><tr><td>Высота, мм</td><td>50</td></tr><tr><td>Длина, мм</td><td>2000</td></tr><tr><td>Цвет</td><td>серый</td></tr></tbody></table>","Короб пластиковий перфорований e.trunking.perf.stand.50.50 50×50мм 2м, E.NEXT","<h2>Опис товару</h2><p>Короб пластиковий перфорований e.trunking.perf.stand призначений для захисту кабелю та проводу від механічних пошкоджень при збиранні щитового обладнання.</p> <h2>Технічні характеристики</h2><table><tbody><tr><td>Ширина, мм</td><td>50</td></tr><tr><td>Висота, мм</td><td>50</td></tr><tr><td>Довжина, мм</td><td>2000</td></tr><tr><td>Колір</td><td>сірий</td></tr></tbody></table>",Русский ~ 50,Русский ~ 50,Русский ~ 2000,Русский ~ Серый
https://001.com.ua/korob-plastikovyy-perforirovannyy-e-trunking-perf-stand-60-50-60x50mm-2m-e-next,new,,,https://001.com.ua/media/photos/enext/cable-trunking/enext-korob-kabelnyy-e-trunking-perf-stand-60-50-s13033010-photo.jpg ;; https://001.com.ua/media/photos/enext/cable-trunking/gabaritnye-razmery-enext-e-trunking-perf-stand-60-50-s13033010-photo.jpg,"Короб пластиковый перфорированный e.trunking.perf.stand.60.50 60×50мм 2м, E.NEXT",Перфорированные кабель-каналы (короба),E.NEXT,s13033010,s13033010,instock,1,12,"156,87","Короб пластиковый перфорированный e.trunking.perf.stand.60.50 60×50мм 2м, E.NEXT","<h2>Описание товара</h2><p>Короб пластиковый перфорированный e.trunking.perf.stand предназначен для защиты кабеля и провода от механических повреждений при сборке щитового оборудования.</p> <h2>Технические характеристики</h2><table><tbody><tr><td>Ширина, мм</td><td>60</td></tr><tr><td>Высота, мм</td><td>50</td></tr><tr><td>Длина, мм</td><td>2000</td></tr><tr><td>Цвет</td><td>серый</td></tr></tbody></table>","Короб пластиковий перфорований e.trunking.perf.stand.60.50 60×50мм 2м, E.NEXT","<h2>Опис товару</h2><p>Короб пластиковий перфорований e.trunking.perf.stand призначений для захисту кабелю та проводу від механічних пошкоджень при збиранні щитового обладнання.</p> <h2>Технічні характеристики</h2><table><tbody><tr><td>Ширина, мм</td><td>60</td></tr><tr><td>Висота, мм</td><td>50</td></tr><tr><td>Довжина, мм</td><td>2000</td></tr><tr><td>Колір</td><td>сірий</td></tr></tbody></table>",Русский ~ 60,Русский ~ 50,Русский ~ 2000,Русский ~ Серый
https://001.com.ua/korob-plastikovyy-perforirovannyy-e-trunking-perf-stand-80-50-80x50mm-2m-e-next,new,,,https://001.com.ua/media/photos/enext/cable-trunking/enext-korob-kabelnyy-e-trunking-perf-stand-80-50-s13033011-photo.jpg ;; https://001.com.ua/media/photos/enext/cable-trunking/gabaritnye-razmery-enext-e-trunking-perf-stand-80-50-s13033011-photo.jpg,"Короб пластиковый перфорированный e.trunking.perf.stand.80.50 80×50мм 2м, E.NEXT",Перфорированные кабель-каналы (короба),E.NEXT,s13033011,s13033011,instock,1,12,"203,70","Короб пластиковый перфорированный e.trunking.perf.stand.80.50 80×50мм 2м, E.NEXT","<h2>Описание товара</h2><p>Короб пластиковый перфорированный e.trunking.perf.stand предназначен для защиты кабеля и провода от механических повреждений при сборке щитового оборудования.</p> <h2>Технические характеристики</h2><table><tbody><tr><td>Ширина, мм</td><td>80</td></tr><tr><td>Высота, мм</td><td>50</td></tr><tr><td>Длина, мм</td><td>2000</td></tr><tr><td>Цвет</td><td>серый</td></tr></tbody></table>","Короб пластиковий перфорований e.trunking.perf.stand.80.50 80×50мм 2м, E.NEXT","<h2>Опис товару</h2><p>Короб пластиковий перфорований e.trunking.perf.stand призначений для захисту кабелю та проводу від механічних пошкоджень при збиранні щитового обладнання.</p> <h2>Технічні характеристики</h2><table><tbody><tr><td>Ширина, мм</td><td>80</td></tr><tr><td>Висота, мм</td><td>50</td></tr><tr><td>Довжина, мм</td><td>2000</td></tr><tr><td>Колір</td><td>сірий</td></tr></tbody></table>",Русский ~ 80,Русский ~ 50,Русский ~ 2000,Русский ~ Серый
https://001.com.ua/korob-plastikovyy-perforirovannyy-e-trunking-perf-stand-100-50-100x50mm-2m-e-next,new,,,https://001.com.ua/media/photos/enext/cable-trunking/enext-korob-kabelnyy-e-trunking-perf-stand-100-50-s13033012-photo.jpg ;; https://001.com.ua/media/photos/enext/cable-trunking/gabaritnye-razmery-enext-e-trunking-perf-stand-100-50-s13033012-photo.jpg,"Короб пластиковый перфорированный e.trunking.perf.stand.100.50 100×50мм 2м, E.NEXT",Перфорированные кабель-каналы (короба),E.NEXT,s13033012,s13033012,instock,1,12,"248,28","Короб пластиковый перфорированный e.trunking.perf.stand.100.50 100×50мм 2м, E.NEXT","<h2>Описание товара</h2><p>Короб пластиковый перфорированный e.trunking.perf.stand предназначен для защиты кабеля и провода от механических повреждений при сборке щитового оборудования.</p> <h2>Технические характеристики</h2><table><tbody><tr><td>Ширина, мм</td><td>100</td></tr><tr><td>Высота, мм</td><td>50</td></tr><tr><td>Длина, мм</td><td>2000</td></tr><tr><td>Цвет</td><td>серый</td></tr></tbody></table>","Короб пластиковий перфорований e.trunking.perf.stand.100.50 100×50мм 2м, E.NEXT","<h2>Опис товару</h2><p>Короб пластиковий перфорований e.trunking.perf.stand призначений для захисту кабелю та проводу від механічних пошкоджень при збиранні щитового обладнання.</p> <h2>Технічні характеристики</h2><table><tbody><tr><td>Ширина, мм</td><td>100</td></tr><tr><td>Висота, мм</td><td>50</td></tr><tr><td>Довжина, мм</td><td>2000</td></tr><tr><td>Колір</td><td>сірий</td></tr></tbody></table>",Русский ~ 100,Русский ~ 50,Русский ~ 2000,Русский ~ Серый
https://001.com.ua/korob-plastikovyy-perforirovannyy-e-trunking-perf-stand-25-25-25x25mm-goluboy-2m-e-next,new,,,https://001.com.ua/media/photos/enext/cable-trunking/enext-korob-kabelnyy-e-trunking-perf-stand-25-25-s13033017-photo.jpg,"Короб пластиковый перфорированный e.trunking.perf.stand.25.25 25×25мм голубой 2м, E.NEXT",Перфорированные кабель-каналы (короба),E.NEXT,s13033017,s13033017,instock,1,12,"88,52","Короб пластиковый перфорированный e.trunking.perf.stand.25.25 25×25мм голубой 2м, E.NEXT","<h2>Описание товара</h2><p>Короб пластиковый перфорированный e.trunking.perf.stand предназначен для защиты кабеля и провода от механических повреждений при сборке щитового оборудования.</p> <h2>Технические характеристики</h2><table><tbody><tr><td>Ширина, мм</td><td>25</td></tr><tr><td>Высота, мм</td><td>25</td></tr><tr><td>Длина, мм</td><td>2000</td></tr><tr><td>Цвет</td><td>голубой</td></tr></tbody></table>","Короб пластиковий перфорований e.trunking.perf.stand.25.25 25×25мм блакитний 2м, E.NEXT","<h2>Опис товару</h2><p>Короб пластиковий перфорований e.trunking.perf.stand призначений для захисту кабелю та проводу від механічних пошкоджень при збиранні щитового обладнання.</p> <h2>Технічні характеристики</h2><table><tbody><tr><td>Ширина, мм</td><td>25</td></tr><tr><td>Висота, мм</td><td>25</td></tr><tr><td>Довжина, мм</td><td>2000</td></tr><tr><td>Колір</td><td>блакитний</td></tr></tbody></table>",Русский ~ 25,Русский ~ 25,Русский ~ 2000,Русский ~ Голубой
https://001.com.ua/korob-plastikovyy-perforirovannyy-e-trunking-perf-stand-25-60-25x60mm-goluboy-2m-e-next,new,,,https://001.com.ua/media/photos/enext/cable-trunking/enext-korob-kabelnyy-e-trunking-perf-stand-25-60-s13033019-photo.jpg,"Короб пластиковый перфорированный e.trunking.perf.stand.25.60 25×60мм голубой 2м, E.NEXT",Перфорированные кабель-каналы (короба),E.NEXT,s13033019,s13033019,instock,1,12,"207,96","Короб пластиковый перфорированный e.trunking.perf.stand.25.60 25×60мм голубой 2м, E.NEXT","<h2>Описание товара</h2><p>Короб пластиковый перфорированный e.trunking.perf.stand предназначен для защиты кабеля и провода от механических повреждений при сборке щитового оборудования.</p> <h2>Технические характеристики</h2><table><tbody><tr><td>Ширина, мм</td><td>25</td></tr><tr><td>Высота, мм</td><td>60</td></tr><tr><td>Длина, мм</td><td>2000</td></tr><tr><td>Цвет</td><td>голубой</td></tr></tbody></table>","Короб пластиковий перфорований e.trunking.perf.stand.25.60 25×60мм блакитний 2м, E.NEXT","<h2>Опис товару</h2><p>Короб пластиковий перфорований e.trunking.perf.stand призначений для захисту кабелю та проводу від механічних пошкоджень при збиранні щитового обладнання.</p> <h2>Технічні характеристики</h2><table><tbody><tr><td>Ширина, мм</td><td>25</td></tr><tr><td>Висота, мм</td><td>60</td></tr><tr><td>Довжина, мм</td><td>2000</td></tr><tr><td>Колір</td><td>блакитний</td></tr></tbody></table>",Русский ~ 25,Русский ~ 60,Русский ~ 2000,Русский ~ Голубой
https://001.com.ua/korob-plastikovyy-perforirovannyy-e-trunking-perf-stand-40-40-40x40mm-goluboy-2m-e-next,new,,,https://001.com.ua/media/photos/enext/cable-trunking/enext-korob-kabelnyy-e-trunking-perf-stand-40-40-s13033020-photo.jpg,"Короб пластиковый перфорированный e.trunking.perf.stand.40.40 40×40мм голубой 2м, E.NEXT",Перфорированные кабель-каналы (короба),E.NEXT,s13033020,s13033020,instock,1,12,"159,01","Короб пластиковый перфорированный e.trunking.perf.stand.40.40 40×40мм голубой 2м, E.NEXT","<h2>Описание товара</h2><p>Короб пластиковый перфорированный e.trunking.perf.stand предназначен для защиты кабеля и провода от механических повреждений при сборке щитового оборудования.</p> <h2>Технические характеристики</h2><table><tbody><tr><td>Ширина, мм</td><td>40</td></tr><tr><td>Высота, мм</td><td>40</td></tr><tr><td>Длина, мм</td><td>2000</td></tr><tr><td>Цвет</td><td>голубой</td></tr></tbody></table>","Короб пластиковий перфорований e.trunking.perf.stand.40.40 40×40мм блакитний 2м, E.NEXT","<h2>Опис товару</h2><p>Короб пластиковий перфорований e.trunking.perf.stand призначений для захисту кабелю та проводу від механічних пошкоджень при збиранні щитового обладнання.</p> <h2>Технічні характеристики</h2><table><tbody><tr><td>Ширина, мм</td><td>40</td></tr><tr><td>Висота, мм</td><td>40</td></tr><tr><td>Довжина, мм</td><td>2000</td></tr><tr><td>Колір</td><td>блакитний</td></tr></tbody></table>",Русский ~ 40,Русский ~ 40,Русский ~ 2000,Русский ~ Голубой
https://001.com.ua/korob-plastikovyy-perforirovannyy-e-trunking-perf-stand-60-60-60x60mm-goluboy-2m-e-next,new,,,https://001.com.ua/media/photos/enext/cable-trunking/enext-korob-kabelnyy-e-trunking-perf-stand-60-60-s13033024-photo.jpg,"Короб пластиковый перфорированный e.trunking.perf.stand.60.60 60×60мм голубой 2м, E.NEXT",Перфорированные кабель-каналы (короба),E.NEXT,s13033024,s13033024,instock,1,12,"240,98","Короб пластиковый перфорированный e.trunking.perf.stand.60.60 60×60мм голубой 2м, E.NEXT","<h2>Описание товара</h2><p>Короб пластиковый перфорированный e.trunking.perf.stand предназначен для защиты кабеля и провода от механических повреждений при сборке щитового оборудования.</p> <h2>Технические характеристики</h2><table><tbody><tr><td>Ширина, мм</td><td>60</td></tr><tr><td>Высота, мм</td><td>60</td></tr><tr><td>Длина, мм</td><td>2000</td></tr><tr><td>Цвет</td><td>голубой</td></tr></tbody></table>","Короб пластиковий перфорований e.trunking.perf.stand.60.60 60×60мм блакитний 2м, E.NEXT","<h2>Опис товару</h2><p>Короб пластиковий перфорований e.trunking.perf.stand призначений для захисту кабелю та проводу від механічних пошкоджень при збиранні щитового обладнання.</p> <h2>Технічні характеристики</h2><table><tbody><tr><td>Ширина, мм</td><td>60</td></tr><tr><td>Висота, мм</td><td>60</td></tr><tr><td>Довжина, мм</td><td>2000</td></tr><tr><td>Колір</td><td>блакитний</td></tr></tbody></table>",Русский ~ 60,Русский ~ 60,Русский ~ 2000,Русский ~ Голубой
https://001.com.ua/korob-plastikovyy-perforirovannyy-e-trunking-perf-stand-80-60-80x60mm-goluboy-2m-e-next,new,,,https://001.com.ua/media/photos/enext/cable-trunking/enext-korob-kabelnyy-e-trunking-perf-stand-80-60-s13033025-photo.jpg,"Короб пластиковый перфорированный e.trunking.perf.stand.80.60 80×60мм голубой 2м, E.NEXT",Перфорированные кабель-каналы (короба),E.NEXT,s13033025,s13033025,instock,1,12,"347,78","Короб пластиковый перфорированный e.trunking.perf.stand.80.60 80×60мм голубой 2м, E.NEXT","<h2>Описание товара</h2><p>Короб пластиковый перфорированный e.trunking.perf.stand предназначен для защиты кабеля и провода от механических повреждений при сборке щитового оборудования.</p> <h2>Технические характеристики</h2><table><tbody><tr><td>Ширина, мм</td><td>80</td></tr><tr><td>Высота, мм</td><td>60</td></tr><tr><td>Длина, мм</td><td>2000</td></tr><tr><td>Цвет</td><td>голубой</td></tr></tbody></table>","Короб пластиковий перфорований e.trunking.perf.stand.80.60 80×60мм блакитний 2м, E.NEXT","<h2>Опис товару</h2><p>Короб пластиковий перфорований e.trunking.perf.stand призначений для захисту кабелю та проводу від механічних пошкоджень при збиранні щитового обладнання.</p> <h2>Технічні характеристики</h2><table><tbody><tr><td>Ширина, мм</td><td>80</td></tr><tr><td>Висота, мм</td><td>60</td></tr><tr><td>Довжина, мм</td><td>2000</td></tr><tr><td>Колір</td><td>блакитний</td></tr></tbody></table>",Русский ~ 80,Русский ~ 60,Русский ~ 2000,Русский ~ Голубой
https://001.com.ua/korob-plastikovyy-perforirovannyy-e-trunking-perf-stand-100-60-100x60mm-goluboy-2m-e-next,new,,,https://001.com.ua/media/photos/enext/cable-trunking/enext-korob-kabelnyy-e-trunking-perf-stand-100-60-s13033026-photo.jpg,"Короб пластиковый перфорированный e.trunking.perf.stand.100.60 100×60мм голубой 2м, E.NEXT",Перфорированные кабель-каналы (короба),E.NEXT,s13033026,s13033026,instock,1,12,"416,11","Короб пластиковый перфорированный e.trunking.perf.stand.100.60 100×60мм голубой 2м, E.NEXT","<h2>Описание товара</h2><p>Короб пластиковый перфорированный e.trunking.perf.stand предназначен для защиты кабеля и провода от механических повреждений при сборке щитового оборудования.</p> <h2>Технические характеристики</h2><table><tbody><tr><td>Ширина, мм</td><td>100</td></tr><tr><td>Высота, мм</td><td>60</td></tr><tr><td>Длина, мм</td><td>2000</td></tr><tr><td>Цвет</td><td>голубой</td></tr></tbody></table>","Короб пластиковий перфорований e.trunking.perf.stand.100.60 100×60мм блакитний 2м, E.NEXT","<h2>Опис товару</h2><p>Короб пластиковий перфорований e.trunking.perf.stand призначений для захисту кабелю та проводу від механічних пошкоджень при збиранні щитового обладнання.</p> <h2>Технічні характеристики</h2><table><tbody><tr><td>Ширина, мм</td><td>100</td></tr><tr><td>Висота, мм</td><td>60</td></tr><tr><td>Довжина, мм</td><td>2000</td></tr><tr><td>Колір</td><td>блакитний</td></tr></tbody></table>",Русский ~ 100,Русский ~ 60,Русский ~ 2000,Русский ~ Голубой
https://001.com.ua/kabel-kanal-perforirovannyy-25x25-mm-impakt-iek,new,,,https://001.com.ua/media/photos/iek/cabsystems/iek-kabel-kanal-perforirovannyy-impakt-photo.jpg,"Кабель-канал перфорированный 25x25 мм «ИМПАКТ», IEK",Перфорированные кабель-каналы (короба),IEK,CKM50-025-025-1-K03,CKM50-025-025-1-K03,instock,1,12,"68,06","Кабель-канал перфорированный 25x25 мм «ИМПАКТ», IEK","<h2>Описание товара</h2><p><strong>Перфорированные кабельные каналы серии «ИМПАКТ»</strong> предназначены для организации кабельной разводки в электрораспределительных шкафах и придания эстетической законченности внутри шкафа. Кабель-каналы серии «ИМПАКТ» соответствуют требованиям ТУ 2291-001-18461115-2010.</p><h3>Преимущества</h3><ul><li>Организация кабельной разводки в электрораспределительных шкафах.</li><li>Предохранение проводки от механических повреждений.</li><li>Обеспечение электробезопасности.</li><li>Обеспечение быстрого доступа к проводке в аварийной ситуации.</li><li>Возможность быстрой модернизации и дополнения проводки.</li><li>Упрощение монтажа электропроводки при строительстве и реконструкции зданий и сооружений.</li></ul> <h2>Технические характеристики</h2><ul><li>Материал: пластичный, самозатухающий ПВХ</li><li>Огнеупорность: при возгорании материал не позволяет огню распространяться, категория ПВ-0, испытания по ГОСТ Р 53313</li><li>Прочность: не менее 5 кгс/см при температуре -25 °С</li><li>Диапазон температур при длительной эксплуатации: от -15 до +60 °С</li><li>Температура монтажа: от -15 до +60 °С</li><li>Температура хранения и транспортирования: от -25 до +60 °С</li><li>Электрическое сопротивление: не менее 1×10<sup>9</sup> Ом×см при температуре +20 °С</li><li>Цвет: RAL 7023</li><li>Тест на снятие крышки: для открытия не требуется дополнительного инструмента, несанкционированный доступ к токоведущим частям ограничен</li><li>Ширина перфорации, мм: 4</li><li>Ширина зубца, мм: 5</li></ul> ","Кабель-канал перфорований 25x25 мм «ИМПАКТ», IEK","<h2>Опис товару</h2><p><strong>Перфоровані кабельні канали серії «ИМПАКТ»</strong> призначені для організації кабельної розводки в електророзподільних шафах і надання естетичної завершеності всередині шафи. Кабель-канали серії «ИМПАКТ» відповідають вимогам ТУ 2291-001-18461115-2010.</p><h3>Переваги</h3><ul><li>Організація кабельної розводки в електророзподільних шафах.</li><li>Оберігання проводки від механічних пошкоджень.</li><li>Забезпечення електробезпеки.</li><li>Забезпечення швидкого доступу до проводки в аварійній ситуації.</li><li>Можливість швидкої модернізації та доповнення проводки.</li><li>Спрощення монтажу електропроводки при будівництві та реконструкції будівель і споруд.</li></ul> <h2>Технічні характеристики</h2><ul><li>Матеріал: пластичний, самозатухаючий ПВХ</li><li>Вогнетривкість: при займанні матеріал не дозволяє вогню розповсюджуватися, категорія ПВ-0, випробування за ГОСТ Р 53313</li><li>Міцність: не менше 5 кгс/см при температурі -25 °С</li><li>Діапазон температур при тривалій експлуатації: від -15 до +60 °С</li><li>Температура монтажу: від -15 до +60 °С</li><li>Температура зберігання і транспортування: від -25 до +60 °С</li><li>Електричний опір: не менше 1×10<sup>9</sup> Ом×см при температурі +20 °С</li><li>Колір: RAL 7023</li><li>Тест на зняття кришки: для відкриття не потрібно додаткового інструменту, несанкціонований доступ до струмоведучих частин обмежений</li><li>Ширина перфорації, мм: 4</li><li>Ширина зубця, мм: 5</li></ul> ",Русский ~ 25,Русский ~ 25,Русский ~ 2000,Русский ~ Серый
https://001.com.ua/kabel-kanal-perforirovannyy-25x40-mm-impakt-iek,new,,,https://001.com.ua/media/photos/iek/cabsystems/iek-kabel-kanal-perforirovannyy-impakt-photo.jpg,"Кабель-канал перфорированный 25x40 мм «ИМПАКТ», IEK",Перфорированные кабель-каналы (короба),IEK,CKM50-025-040-1-K03,CKM50-025-040-1-K03,instock,1,12,"84,17","Кабель-канал перфорированный 25x40 мм «ИМПАКТ», IEK","<h2>Описание товара</h2><p><strong>Перфорированные кабельные каналы серии «ИМПАКТ»</strong> предназначены для организации кабельной разводки в электрораспределительных шкафах и придания эстетической законченности внутри шкафа. Кабель-каналы серии «ИМПАКТ» соответствуют требованиям ТУ 2291-001-18461115-2010.</p><h3>Преимущества</h3><ul><li>Организация кабельной разводки в электрораспределительных шкафах.</li><li>Предохранение проводки от механических повреждений.</li><li>Обеспечение электробезопасности.</li><li>Обеспечение быстрого доступа к проводке в аварийной ситуации.</li><li>Возможность быстрой модернизации и дополнения проводки.</li><li>Упрощение монтажа электропроводки при строительстве и реконструкции зданий и сооружений.</li></ul> <h2>Технические характеристики</h2><ul><li>Материал: пластичный, самозатухающий ПВХ</li><li>Огнеупорность: при возгорании материал не позволяет огню распространяться, категория ПВ-0, испытания по ГОСТ Р 53313</li><li>Прочность: не менее 5 кгс/см при температуре -25 °С</li><li>Диапазон температур при длительной эксплуатации: от -15 до +60 °С</li><li>Температура монтажа: от -15 до +60 °С</li><li>Температура хранения и транспортирования: от -25 до +60 °С</li><li>Электрическое сопротивление: не менее 1×10<sup>9</sup> Ом×см при температуре +20 °С</li><li>Цвет: RAL 7023</li><li>Тест на снятие крышки: для открытия не требуется дополнительного инструмента, несанкционированный доступ к токоведущим частям ограничен</li><li>Ширина перфорации, мм: 4</li><li>Ширина зубца, мм: 6</li></ul> ","Кабель-канал перфорований 25x40 мм «ИМПАКТ», IEK","<h2>Опис товару</h2><p><strong>Перфоровані кабельні канали серії «ИМПАКТ»</strong> призначені для організації кабельної розводки в електророзподільних шафах і надання естетичної завершеності всередині шафи. Кабель-канали серії «ИМПАКТ» відповідають вимогам ТУ 2291-001-18461115-2010.</p><h3>Переваги</h3><ul><li>Організація кабельної розводки в електророзподільних шафах.</li><li>Оберігання проводки від механічних пошкоджень.</li><li>Забезпечення електробезпеки.</li><li>Забезпечення швидкого доступу до проводки в аварійній ситуації.</li><li>Можливість швидкої модернізації та доповнення проводки.</li><li>Спрощення монтажу електропроводки при будівництві та реконструкції будівель і споруд.</li></ul> <h2>Технічні характеристики</h2><ul><li>Матеріал: пластичний, самозатухаючий ПВХ</li><li>Вогнетривкість: при займанні матеріал не дозволяє вогню розповсюджуватися, категорія ПВ-0, випробування за ГОСТ Р 53313</li><li>Міцність: не менше 5 кгс/см при температурі -25 °С</li><li>Діапазон температур при тривалій експлуатації: від -15 до +60 °С</li><li>Температура монтажу: від -15 до +60 °С</li><li>Температура зберігання і транспортування: від -25 до +60 °С</li><li>Електричний опір: не менше 1×10<sup>9</sup> Ом×см при температурі +20 °С</li><li>Колір: RAL 7023</li><li>Тест на зняття кришки: для відкриття не потрібно додаткового інструменту, несанкціонований доступ до струмоведучих частин обмежений</li><li>Ширина перфорації, мм: 4</li><li>Ширина зубця, мм: 6</li></ul> ",Русский ~ 25,Русский ~ 40,Русский ~ 2000,Русский ~ Серый
https://001.com.ua/kabel-kanal-perforirovannyy-40x40-mm-impakt-iek,new,,,https://001.com.ua/media/photos/iek/cabsystems/iek-kabel-kanal-perforirovannyy-impakt-photo.jpg,"Кабель-канал перфорированный 40x40 мм «ИМПАКТ», IEK",Перфорированные кабель-каналы (короба),IEK,CKM50-040-040-1-K03,CKM50-040-040-1-K03,instock,1,12,"111,33","Кабель-канал перфорированный 40x40 мм «ИМПАКТ», IEK","<h2>Описание товара</h2><p><strong>Перфорированные кабельные каналы серии «ИМПАКТ»</strong> предназначены для организации кабельной разводки в электрораспределительных шкафах и придания эстетической законченности внутри шкафа. Кабель-каналы серии «ИМПАКТ» соответствуют требованиям ТУ 2291-001-18461115-2010.</p><h3>Преимущества</h3><ul><li>Организация кабельной разводки в электрораспределительных шкафах.</li><li>Предохранение проводки от механических повреждений.</li><li>Обеспечение электробезопасности.</li><li>Обеспечение быстрого доступа к проводке в аварийной ситуации.</li><li>Возможность быстрой модернизации и дополнения проводки.</li><li>Упрощение монтажа электропроводки при строительстве и реконструкции зданий и сооружений.</li></ul> <h2>Технические характеристики</h2><ul><li>Материал: пластичный, самозатухающий ПВХ</li><li>Огнеупорность: при возгорании материал не позволяет огню распространяться, категория ПВ-0, испытания по ГОСТ Р 53313</li><li>Прочность: не менее 5 кгс/см при температуре -25 °С</li><li>Диапазон температур при длительной эксплуатации: от -15 до +60 °С</li><li>Температура монтажа: от -15 до +60 °С</li><li>Температура хранения и транспортирования: от -25 до +60 °С</li><li>Электрическое сопротивление: не менее 1×10<sup>9</sup> Ом×см при температуре +20 °С</li><li>Цвет: RAL 7023</li><li>Тест на снятие крышки: для открытия не требуется дополнительного инструмента, несанкционированный доступ к токоведущим частям ограничен</li><li>Ширина перфорации, мм: 4</li><li>Ширина зубца, мм: 6</li></ul> ","Кабель-канал перфорований 40x40 мм «ИМПАКТ», IEK","<h2>Опис товару</h2><p><strong>Перфоровані кабельні канали серії «ИМПАКТ»</strong> призначені для організації кабельної розводки в електророзподільних шафах і надання естетичної завершеності всередині шафи. Кабель-канали серії «ИМПАКТ» відповідають вимогам ТУ 2291-001-18461115-2010.</p><h3>Переваги</h3><ul><li>Організація кабельної розводки в електророзподільних шафах.</li><li>Оберігання проводки від механічних пошкоджень.</li><li>Забезпечення електробезпеки.</li><li>Забезпечення швидкого доступу до проводки в аварійній ситуації.</li><li>Можливість швидкої модернізації та доповнення проводки.</li><li>Спрощення монтажу електропроводки при будівництві та реконструкції будівель і споруд.</li></ul> <h2>Технічні характеристики</h2><ul><li>Матеріал: пластичний, самозатухаючий ПВХ</li><li>Вогнетривкість: при займанні матеріал не дозволяє вогню розповсюджуватися, категорія ПВ-0, випробування за ГОСТ Р 53313</li><li>Міцність: не менше 5 кгс/см при температурі -25 °С</li><li>Діапазон температур при тривалій експлуатації: від -15 до +60 °С</li><li>Температура монтажу: від -15 до +60 °С</li><li>Температура зберігання і транспортування: від -25 до +60 °С</li><li>Електричний опір: не менше 1×10<sup>9</sup> Ом×см при температурі +20 °С</li><li>Колір: RAL 7023</li><li>Тест на зняття кришки: для відкриття не потрібно додаткового інструменту, несанкціонований доступ до струмоведучих частин обмежений</li><li>Ширина перфорації, мм: 4</li><li>Ширина зубця, мм: 6</li></ul> ",Русский ~ 40,Русский ~ 40,Русский ~ 2000,Русский ~ Серый
https://001.com.ua/kabel-kanal-perforirovannyy-80x60-mm-impakt-iek,new,,,https://001.com.ua/media/photos/iek/cabsystems/iek-kabel-kanal-perforirovannyy-impakt-photo.jpg,"Кабель-канал перфорированный 80x60 мм «ИМПАКТ», IEK",Перфорированные кабель-каналы (короба),IEK,CKM50-080-060-1-K03,CKM50-080-060-1-K03,instock,1,12,"220,77","Кабель-канал перфорированный 80x60 мм «ИМПАКТ», IEK","<h2>Описание товара</h2><p><strong>Перфорированные кабельные каналы серии «ИМПАКТ»</strong> предназначены для организации кабельной разводки в электрораспределительных шкафах и придания эстетической законченности внутри шкафа. Кабель-каналы серии «ИМПАКТ» соответствуют требованиям ТУ 2291-001-18461115-2010.</p><h3>Преимущества</h3><ul><li>Организация кабельной разводки в электрораспределительных шкафах.</li><li>Предохранение проводки от механических повреждений.</li><li>Обеспечение электробезопасности.</li><li>Обеспечение быстрого доступа к проводке в аварийной ситуации.</li><li>Возможность быстрой модернизации и дополнения проводки.</li><li>Упрощение монтажа электропроводки при строительстве и реконструкции зданий и сооружений.</li></ul> <h2>Технические характеристики</h2><ul><li>Материал: пластичный, самозатухающий ПВХ</li><li>Огнеупорность: при возгорании материал не позволяет огню распространяться, категория ПВ-0, испытания по ГОСТ Р 53313</li><li>Прочность: не менее 5 кгс/см при температуре -25 °С</li><li>Диапазон температур при длительной эксплуатации: от -15 до +60 °С</li><li>Температура монтажа: от -15 до +60 °С</li><li>Температура хранения и транспортирования: от -25 до +60 °С</li><li>Электрическое сопротивление: не менее 1×10<sup>9</sup> Ом×см при температуре +20 °С</li><li>Цвет: RAL 7023</li><li>Тест на снятие крышки: для открытия не требуется дополнительного инструмента, несанкционированный доступ к токоведущим частям ограничен</li><li>Ширина перфорации, мм: 4</li><li>Ширина зубца, мм: 6</li></ul> ","Кабель-канал перфорований 80x60 мм «ИМПАКТ», IEK","<h2>Опис товару</h2><p><strong>Перфоровані кабельні канали серії «ИМПАКТ»</strong> призначені для організації кабельної розводки в електророзподільних шафах і надання естетичної завершеності всередині шафи. Кабель-канали серії «ИМПАКТ» відповідають вимогам ТУ 2291-001-18461115-2010.</p><h3>Переваги</h3><ul><li>Організація кабельної розводки в електророзподільних шафах.</li><li>Оберігання проводки від механічних пошкоджень.</li><li>Забезпечення електробезпеки.</li><li>Забезпечення швидкого доступу до проводки в аварійній ситуації.</li><li>Можливість швидкої модернізації та доповнення проводки.</li><li>Спрощення монтажу електропроводки при будівництві та реконструкції будівель і споруд.</li></ul> <h2>Технічні характеристики</h2><ul><li>Матеріал: пластичний, самозатухаючий ПВХ</li><li>Вогнетривкість: при займанні матеріал не дозволяє вогню розповсюджуватися, категорія ПВ-0, випробування за ГОСТ Р 53313</li><li>Міцність: не менше 5 кгс/см при температурі -25 °С</li><li>Діапазон температур при тривалій експлуатації: від -15 до +60 °С</li><li>Температура монтажу: від -15 до +60 °С</li><li>Температура зберігання і транспортування: від -25 до +60 °С</li><li>Електричний опір: не менше 1×10<sup>9</sup> Ом×см при температурі +20 °С</li><li>Колір: RAL 7023</li><li>Тест на зняття кришки: для відкриття не потрібно додаткового інструменту, несанкціонований доступ до струмоведучих частин обмежений</li><li>Ширина перфорації, мм: 4</li><li>Ширина зубця, мм: 6</li></ul> ",Русский ~ 80,Русский ~ 60,Русский ~ 2000,Русский ~ Серый
https://001.com.ua/kabel-kanal-perforirovannyy-100x60-mm-impakt-iek,new,,,https://001.com.ua/media/photos/iek/cabsystems/iek-kabel-kanal-perforirovannyy-impakt-photo.jpg,"Кабель-канал перфорированный 100x60 мм «ИМПАКТ», IEK",Перфорированные кабель-каналы (короба),IEK,CKM50-100-060-1-K03,CKM50-100-060-1-K03,outofstock,1,12,"247,68","Кабель-канал перфорированный 100x60 мм «ИМПАКТ», IEK","<h2>Описание товара</h2><p><strong>Перфорированные кабельные каналы серии «ИМПАКТ»</strong> предназначены для организации кабельной разводки в электрораспределительных шкафах и придания эстетической законченности внутри шкафа. Кабель-каналы серии «ИМПАКТ» соответствуют требованиям ТУ 2291-001-18461115-2010.</p><h3>Преимущества</h3><ul><li>Организация кабельной разводки в электрораспределительных шкафах.</li><li>Предохранение проводки от механических повреждений.</li><li>Обеспечение электробезопасности.</li><li>Обеспечение быстрого доступа к проводке в аварийной ситуации.</li><li>Возможность быстрой модернизации и дополнения проводки.</li><li>Упрощение монтажа электропроводки при строительстве и реконструкции зданий и сооружений.</li></ul> <h2>Технические характеристики</h2><ul><li>Материал: пластичный, самозатухающий ПВХ</li><li>Огнеупорность: при возгорании материал не позволяет огню распространяться, категория ПВ-0, испытания по ГОСТ Р 53313</li><li>Прочность: не менее 5 кгс/см при температуре -25 °С</li><li>Диапазон температур при длительной эксплуатации: от -15 до +60 °С</li><li>Температура монтажа: от -15 до +60 °С</li><li>Температура хранения и транспортирования: от -25 до +60 °С</li><li>Электрическое сопротивление: не менее 1×10<sup>9</sup> Ом×см при температуре +20 °С</li><li>Цвет: RAL 7023</li><li>Тест на снятие крышки: для открытия не требуется дополнительного инструмента, несанкционированный доступ к токоведущим частям ограничен</li><li>Ширина перфорации, мм: 4</li><li>Ширина зубца, мм: 6</li></ul> ","Кабель-канал перфорований 100x60 мм «ИМПАКТ», IEK","<h2>Опис товару</h2><p><strong>Перфоровані кабельні канали серії «ИМПАКТ»</strong> призначені для організації кабельної розводки в електророзподільних шафах і надання естетичної завершеності всередині шафи. Кабель-канали серії «ИМПАКТ» відповідають вимогам ТУ 2291-001-18461115-2010.</p><h3>Переваги</h3><ul><li>Організація кабельної розводки в електророзподільних шафах.</li><li>Оберігання проводки від механічних пошкоджень.</li><li>Забезпечення електробезпеки.</li><li>Забезпечення швидкого доступу до проводки в аварійній ситуації.</li><li>Можливість швидкої модернізації та доповнення проводки.</li><li>Спрощення монтажу електропроводки при будівництві та реконструкції будівель і споруд.</li></ul> <h2>Технічні характеристики</h2><ul><li>Матеріал: пластичний, самозатухаючий ПВХ</li><li>Вогнетривкість: при займанні матеріал не дозволяє вогню розповсюджуватися, категорія ПВ-0, випробування за ГОСТ Р 53313</li><li>Міцність: не менше 5 кгс/см при температурі -25 °С</li><li>Діапазон температур при тривалій експлуатації: від -15 до +60 °С</li><li>Температура монтажу: від -15 до +60 °С</li><li>Температура зберігання і транспортування: від -25 до +60 °С</li><li>Електричний опір: не менше 1×10<sup>9</sup> Ом×см при температурі +20 °С</li><li>Колір: RAL 7023</li><li>Тест на зняття кришки: для відкриття не потрібно додаткового інструменту, несанкціонований доступ до струмоведучих частин обмежений</li><li>Ширина перфорації, мм: 4</li><li>Ширина зубця, мм: 6</li></ul> ",Русский ~ 100,Русский ~ 60,Русский ~ 2000,Русский ~ Серый
https://001.com.ua/korob-plastikovyy-perforirovannyy-e-trunking-perf-stand-25-40-25x40mm-goluboy-2m-e-next,new,,,https://001.com.ua/media/photos/enext/cable-trunking/enext-korob-kabelnyy-e-trunking-perf-stand-25-40-s13033018-photo.jpg,"Короб пластиковый перфорированный e.trunking.perf.stand.25.40 25×40мм голубой 2м, E.NEXT",Перфорированные кабель-каналы (короба),E.NEXT,s13033018,s13033018,outofstock,1,12,"122,32","Короб пластиковый перфорированный e.trunking.perf.stand.25.40 25×40мм голубой 2м, E.NEXT","<h2>Описание товара</h2><p>Короб пластиковый перфорированный e.trunking.perf.stand предназначен для защиты кабеля и провода от механических повреждений при сборке щитового оборудования.</p> <h2>Технические характеристики</h2><table><tbody><tr><td>Ширина, мм</td><td>25</td></tr><tr><td>Высота, мм</td><td>40</td></tr><tr><td>Длина, мм</td><td>2000</td></tr><tr><td>Цвет</td><td>голубой</td></tr></tbody></table>","Короб пластиковий перфорований e.trunking.perf.stand.25.40 25×40мм блакитний 2м, E.NEXT","<h2>Опис товару</h2><p>Короб пластиковий перфорований e.trunking.perf.stand призначений для захисту кабелю та проводу від механічних пошкоджень при збиранні щитового обладнання.</p> <h2>Технічні характеристики</h2><table><tbody><tr><td>Ширина, мм</td><td>25</td></tr><tr><td>Висота, мм</td><td>40</td></tr><tr><td>Довжина, мм</td><td>2000</td></tr><tr><td>Колір</td><td>блакитний</td></tr></tbody></table>",Русский ~ 25,Русский ~ 40,Русский ~ 2000,Русский ~ Голубой
https://001.com.ua/korob-plastikovyy-perforirovannyy-e-trunking-perf-stand-40-50-40x50mm-2m-e-next,new,,,https://001.com.ua/media/photos/enext/cable-trunking/enext-korob-kabelnyy-e-trunking-perf-stand-40-50-s13033008-photo.jpg ;; https://001.com.ua/media/photos/enext/cable-trunking/gabaritnye-razmery-enext-e-trunking-perf-stand-40-50-s13033008-photo.jpg,"Короб пластиковый перфорированный e.trunking.perf.stand.40.50 40×50мм 2м, E.NEXT",Перфорированные кабель-каналы (короба),E.NEXT,s13033008,s13033008,outofstock,1,12,"121,12","Короб пластиковый перфорированный e.trunking.perf.stand.40.50 40×50мм 2м, E.NEXT","<h2>Описание товара</h2><p>Короб пластиковый перфорированный e.trunking.perf.stand предназначен для защиты кабеля и провода от механических повреждений при сборке щитового оборудования.</p> <h2>Технические характеристики</h2><table><tbody><tr><td>Ширина, мм</td><td>40</td></tr><tr><td>Высота, мм</td><td>50</td></tr><tr><td>Длина, мм</td><td>2000</td></tr><tr><td>Цвет</td><td>серый</td></tr></tbody></table>","Короб пластиковий перфорований e.trunking.perf.stand.40.50 40×50мм 2м, E.NEXT","<h2>Опис товару</h2><p>Короб пластиковий перфорований e.trunking.perf.stand призначений для захисту кабелю та проводу від механічних пошкоджень при збиранні щитового обладнання.</p> <h2>Технічні характеристики</h2><table><tbody><tr><td>Ширина, мм</td><td>40</td></tr><tr><td>Висота, мм</td><td>50</td></tr><tr><td>Довжина, мм</td><td>2000</td></tr><tr><td>Колір</td><td>сірий</td></tr></tbody></table>",Русский ~ 40,Русский ~ 50,Русский ~ 2000,Русский ~ Серый
https://001.com.ua/korob-plastikovyy-perforirovannyy-e-trunking-perf-stand-45-65-45x65mm-2m-e-next,new,,,https://001.com.ua/media/photos/enext/cable-trunking/enext-korob-kabelnyy-e-trunking-perf-stand-45-65-s13033001-photo.jpg ;; https://001.com.ua/media/photos/enext/cable-trunking/gabaritnye-razmery-enext-e-trunking-perf-stand-45-65-s13033001-photo.jpg,"Короб пластиковый перфорированный e.trunking.perf.stand.45.65 45×65мм 2м, E.NEXT",Перфорированные кабель-каналы (короба),E.NEXT,s13033001,s13033001,outofstock,1,12,"211,96","Короб пластиковый перфорированный e.trunking.perf.stand.45.65 45×65мм 2м, E.NEXT","<h2>Описание товара</h2><p>Короб пластиковый перфорированный e.trunking.perf.stand предназначен для защиты кабеля и провода от механических повреждений при сборке щитового оборудования.</p> <h2>Технические характеристики</h2><table><tbody><tr><td>Ширина, мм</td><td>45</td></tr><tr><td>Высота, мм</td><td>65</td></tr><tr><td>Длина, мм</td><td>2000</td></tr><tr><td>Цвет</td><td>серый</td></tr></tbody></table>","Короб пластиковий перфорований e.trunking.perf.stand.45.65 45×65мм 2м, E.NEXT","<h2>Опис товару</h2><p>Короб пластиковий перфорований e.trunking.perf.stand призначений для захисту кабелю та проводу від механічних пошкоджень при збиранні щитового обладнання.</p> <h2>Технічні характеристики</h2><table><tbody><tr><td>Ширина, мм</td><td>45</td></tr><tr><td>Висота, мм</td><td>65</td></tr><tr><td>Довжина, мм</td><td>2000</td></tr><tr><td>Колір</td><td>сірий</td></tr></tbody></table>",Русский ~ 45,Русский ~ 65,Русский ~ 2000,Русский ~ Серый
https://001.com.ua/korob-plastikovyy-perforirovannyy-e-trunking-perf-stand-65-65-65x65mm-2m-e-next,new,,,https://001.com.ua/media/photos/enext/cable-trunking/enext-korob-kabelnyy-e-trunking-perf-stand-65-65-s13033015-photo.jpg ;; https://001.com.ua/media/photos/enext/cable-trunking/gabaritnye-razmery-enext-e-trunking-perf-stand-65-65-s13033015-photo.jpg,"Короб пластиковый перфорированный e.trunking.perf.stand.65.65 65×65мм 2м, E.NEXT",Перфорированные кабель-каналы (короба),E.NEXT,s13033015,s13033015,outofstock,1,12,"194,51","Короб пластиковый перфорированный e.trunking.perf.stand.65.65 65×65мм 2м, E.NEXT","<h2>Описание товара</h2><p>Короб пластиковый перфорированный e.trunking.perf.stand предназначен для защиты кабеля и провода от механических повреждений при сборке щитового оборудования.</p> <h2>Технические характеристики</h2><table><tbody><tr><td>Ширина, мм</td><td>65</td></tr><tr><td>Высота, мм</td><td>65</td></tr><tr><td>Длина, мм</td><td>2000</td></tr><tr><td>Цвет</td><td>серый</td></tr></tbody></table>","Короб пластиковий перфорований e.trunking.perf.stand.65.65 65×65мм 2м, E.NEXT","<h2>Опис товару</h2><p>Короб пластиковий перфорований e.trunking.perf.stand призначений для захисту кабелю та проводу від механічних пошкоджень при збиранні щитового обладнання.</p> <h2>Технічні характеристики</h2><table><tbody><tr><td>Ширина, мм</td><td>65</td></tr><tr><td>Висота, мм</td><td>65</td></tr><tr><td>Довжина, мм</td><td>2000</td></tr><tr><td>Колір</td><td>сірий</td></tr></tbody></table>",Русский ~ 65,Русский ~ 65,Русский ~ 2000,Русский ~ Серый
https://001.com.ua/korob-plastikovyy-perforirovannyy-e-trunking-perf-stand-80-80-80x80mm-2m-e-next,new,,,https://001.com.ua/media/photos/enext/cable-trunking/enext-korob-kabelnyy-e-trunking-perf-stand-80-80-s13033016-photo.jpg ;; https://001.com.ua/media/photos/enext/cable-trunking/gabaritnye-razmery-enext-e-trunking-perf-stand-80-80-s13033016-photo.jpg,"Короб пластиковый перфорированный e.trunking.perf.stand.80.80 80×80мм 2м, E.NEXT",Перфорированные кабель-каналы (короба),E.NEXT,s13033016,s13033016,outofstock,1,12,"277,92","Короб пластиковый перфорированный e.trunking.perf.stand.80.80 80×80мм 2м, E.NEXT","<h2>Описание товара</h2><p>Короб пластиковый перфорированный e.trunking.perf.stand предназначен для защиты кабеля и провода от механических повреждений при сборке щитового оборудования.</p> <h2>Технические характеристики</h2><table><tbody><tr><td>Ширина, мм</td><td>80</td></tr><tr><td>Высота, мм</td><td>80</td></tr><tr><td>Длина, мм</td><td>2000</td></tr><tr><td>Цвет</td><td>серый</td></tr></tbody></table>","Короб пластиковий перфорований e.trunking.perf.stand.80.80 80×80мм 2м, E.NEXT","<h2>Опис товару</h2><p>Короб пластиковий перфорований e.trunking.perf.stand призначений для захисту кабелю та проводу від механічних пошкоджень при збиранні щитового обладнання.</p> <h2>Технічні характеристики</h2><table><tbody><tr><td>Ширина, мм</td><td>80</td></tr><tr><td>Висота, мм</td><td>80</td></tr><tr><td>Довжина, мм</td><td>2000</td></tr><tr><td>Колір</td><td>сірий</td></tr></tbody></table>",Русский ~ 80,Русский ~ 80,Русский ~ 2000,Русский ~ Серый
https://001.com.ua/korob-plastikovyy-perforirovannyy-e-trunking-perf-stand-40-60-40x60mm-goluboy-2m-e-next,new,,,https://001.com.ua/media/photos/enext/cable-trunking/enext-korob-kabelnyy-e-trunking-perf-stand-40-60-s13033021-photo.jpg,"Короб пластиковый перфорированный e.trunking.perf.stand.40.60 40×60мм голубой 2м, E.NEXT",Перфорированные кабель-каналы (короба),E.NEXT,s13033021,s13033021,outofstock,1,12,"196,45","Короб пластиковый перфорированный e.trunking.perf.stand.40.60 40×60мм голубой 2м, E.NEXT","<h2>Описание товара</h2><p>Короб пластиковый перфорированный e.trunking.perf.stand предназначен для защиты кабеля и провода от механических повреждений при сборке щитового оборудования.</p> <h2>Технические характеристики</h2><table><tbody><tr><td>Ширина, мм</td><td>40</td></tr><tr><td>Высота, мм</td><td>60</td></tr><tr><td>Длина, мм</td><td>2000</td></tr><tr><td>Цвет</td><td>голубой</td></tr></tbody></table>","Короб пластиковий перфорований e.trunking.perf.stand.40.60 40×60мм блакитний 2м, E.NEXT","<h2>Опис товару</h2><p>Короб пластиковий перфорований e.trunking.perf.stand призначений для захисту кабелю та проводу від механічних пошкоджень при збиранні щитового обладнання.</p> <h2>Технічні характеристики</h2><table><tbody><tr><td>Ширина, мм</td><td>40</td></tr><tr><td>Висота, мм</td><td>60</td></tr><tr><td>Довжина, мм</td><td>2000</td></tr><tr><td>Колір</td><td>блакитний</td></tr></tbody></table>",Русский ~ 40,Русский ~ 60,Русский ~ 2000,Русский ~ Голубой
https://001.com.ua/korob-plastikovyy-perforirovannyy-e-trunking-perf-stand-40-80-40x80mm-goluboy-2m-e-next,new,,,https://001.com.ua/media/photos/enext/cable-trunking/enext-korob-kabelnyy-e-trunking-perf-stand-40-80-s13033022-photo.jpg,"Короб пластиковый перфорированный e.trunking.perf.stand.40.80 40×80мм голубой 2м, E.NEXT",Перфорированные кабель-каналы (короба),E.NEXT,s13033022,s13033022,outofstock,1,12,"270,29","Короб пластиковый перфорированный e.trunking.perf.stand.40.80 40×80мм голубой 2м, E.NEXT","<h2>Описание товара</h2><p>Короб пластиковый перфорированный e.trunking.perf.stand предназначен для защиты кабеля и провода от механических повреждений при сборке щитового оборудования.</p> <h2>Технические характеристики</h2><table><tbody><tr><td>Ширина, мм</td><td>40</td></tr><tr><td>Высота, мм</td><td>80</td></tr><tr><td>Длина, мм</td><td>2000</td></tr><tr><td>Цвет</td><td>голубой</td></tr></tbody></table>","Короб пластиковий перфорований e.trunking.perf.stand.40.80 40×80мм блакитний 2м, E.NEXT","<h2>Опис товару</h2><p>Короб пластиковий перфорований e.trunking.perf.stand призначений для захисту кабелю та проводу від механічних пошкоджень при збиранні щитового обладнання.</p> <h2>Технічні характеристики</h2><table><tbody><tr><td>Ширина, мм</td><td>40</td></tr><tr><td>Висота, мм</td><td>80</td></tr><tr><td>Довжина, мм</td><td>2000</td></tr><tr><td>Колір</td><td>блакитний</td></tr></tbody></table>",Русский ~ 40,Русский ~ 80,Русский ~ 2000,Русский ~ Голубой
https://001.com.ua/korob-plastikovyy-perforirovannyy-e-trunking-perf-stand-60-40-60x40mm-goluboy-2m-e-next,new,,,https://001.com.ua/media/photos/enext/cable-trunking/enext-korob-kabelnyy-e-trunking-perf-stand-60-40-s13033023-photo.jpg,"Короб пластиковый перфорированный e.trunking.perf.stand.60.40 60×40мм голубой 2м, E.NEXT",Перфорированные кабель-каналы (короба),E.NEXT,s13033023,s13033023,outofstock,1,12,"200,77","Короб пластиковый перфорированный e.trunking.perf.stand.60.40 60×40мм голубой 2м, E.NEXT","<h2>Описание товара</h2><p>Короб пластиковый перфорированный e.trunking.perf.stand предназначен для защиты кабеля и провода от механических повреждений при сборке щитового оборудования.</p> <h2>Технические характеристики</h2><table><tbody><tr><td>Ширина, мм</td><td>60</td></tr><tr><td>Высота, мм</td><td>40</td></tr><tr><td>Длина, мм</td><td>2000</td></tr><tr><td>Цвет</td><td>голубой</td></tr></tbody></table>","Короб пластиковий перфорований e.trunking.perf.stand.60.40 60×40мм блакитний 2м, E.NEXT","<h2>Опис товару</h2><p>Короб пластиковий перфорований e.trunking.perf.stand призначений для захисту кабелю та проводу від механічних пошкоджень при збиранні щитового обладнання.</p> <h2>Технічні характеристики</h2><table><tbody><tr><td>Ширина, мм</td><td>60</td></tr><tr><td>Висота, мм</td><td>40</td></tr><tr><td>Довжина, мм</td><td>2000</td></tr><tr><td>Колір</td><td>блакитний</td></tr></tbody></table>",Русский ~ 60,Русский ~ 40,Русский ~ 2000,Русский ~ Голубой
https://001.com.ua/korob-plastikovyy-perforirovannyy-e-trunking-perf-stand-100-100-100x100mm-goluboy-2m-e-next,new,,,https://001.com.ua/media/photos/enext/cable-trunking/enext-korob-kabelnyy-e-trunking-perf-stand-100-100-s13033027-photo.jpg,"Короб пластиковый перфорированный e.trunking.perf.stand.100.100 100×100мм голубой 2м, E.NEXT",Перфорированные кабель-каналы (короба),E.NEXT,s13033027,s13033027,outofstock,1,12,"548,24","Короб пластиковый перфорированный e.trunking.perf.stand.100.100 100×100мм голубой 2м, E.NEXT","<h2>Описание товара</h2><p>Короб пластиковый перфорированный e.trunking.perf.stand предназначен для защиты кабеля и провода от механических повреждений при сборке щитового оборудования.</p> <h2>Технические характеристики</h2><table><tbody><tr><td>Ширина, мм</td><td>100</td></tr><tr><td>Высота, мм</td><td>100</td></tr><tr><td>Длина, мм</td><td>2000</td></tr><tr><td>Цвет</td><td>голубой</td></tr></tbody></table>","Короб пластиковий перфорований e.trunking.perf.stand.100.100 100×100мм блакитний 2м, E.NEXT","<h2>Опис товару</h2><p>Короб пластиковий перфорований e.trunking.perf.stand призначений для захисту кабелю та проводу від механічних пошкоджень при збиранні щитового обладнання.</p> <h2>Технічні характеристики</h2><table><tbody><tr><td>Ширина, мм</td><td>100</td></tr><tr><td>Висота, мм</td><td>100</td></tr><tr><td>Довжина, мм</td><td>2000</td></tr><tr><td>Колір</td><td>блакитний</td></tr></tbody></table>",Русский ~ 100,Русский ~ 100,Русский ~ 2000,Русский ~ Голубой
https://001.com.ua/kabel-kanal-perforirovannyy-25x60-mm-impakt-iek,new,,,https://001.com.ua/media/photos/iek/cabsystems/iek-kabel-kanal-perforirovannyy-impakt-photo.jpg,"Кабель-канал перфорированный 25x60 мм «ИМПАКТ», IEK",Перфорированные кабель-каналы (короба),IEK,CKM50-025-060-1-K03,CKM50-025-060-1-K03,outofstock,1,12,"113,92","Кабель-канал перфорированный 25x60 мм «ИМПАКТ», IEK","<h2>Описание товара</h2><p><strong>Перфорированные кабельные каналы серии «ИМПАКТ»</strong> предназначены для организации кабельной разводки в электрораспределительных шкафах и придания эстетической законченности внутри шкафа. Кабель-каналы серии «ИМПАКТ» соответствуют требованиям ТУ 2291-001-18461115-2010.</p><h3>Преимущества</h3><ul><li>Организация кабельной разводки в электрораспределительных шкафах.</li><li>Предохранение проводки от механических повреждений.</li><li>Обеспечение электробезопасности.</li><li>Обеспечение быстрого доступа к проводке в аварийной ситуации.</li><li>Возможность быстрой модернизации и дополнения проводки.</li><li>Упрощение монтажа электропроводки при строительстве и реконструкции зданий и сооружений.</li></ul> <h2>Технические характеристики</h2><ul><li>Материал: пластичный, самозатухающий ПВХ</li><li>Огнеупорность: при возгорании материал не позволяет огню распространяться, категория ПВ-0, испытания по ГОСТ Р 53313</li><li>Прочность: не менее 5 кгс/см при температуре -25 °С</li><li>Диапазон температур при длительной эксплуатации: от -15 до +60 °С</li><li>Температура монтажа: от -15 до +60 °С</li><li>Температура хранения и транспортирования: от -25 до +60 °С</li><li>Электрическое сопротивление: не менее 1×10<sup>9</sup> Ом×см при температуре +20 °С</li><li>Цвет: RAL 7023</li><li>Тест на снятие крышки: для открытия не требуется дополнительного инструмента, несанкционированный доступ к токоведущим частям ограничен</li><li>Ширина перфорации, мм: 4</li><li>Ширина зубца, мм: 6</li></ul> ","Кабель-канал перфорований 25x60 мм «ИМПАКТ», IEK","<h2>Опис товару</h2><p><strong>Перфоровані кабельні канали серії «ИМПАКТ»</strong> призначені для організації кабельної розводки в електророзподільних шафах і надання естетичної завершеності всередині шафи. Кабель-канали серії «ИМПАКТ» відповідають вимогам ТУ 2291-001-18461115-2010.</p><h3>Переваги</h3><ul><li>Організація кабельної розводки в електророзподільних шафах.</li><li>Оберігання проводки від механічних пошкоджень.</li><li>Забезпечення електробезпеки.</li><li>Забезпечення швидкого доступу до проводки в аварійній ситуації.</li><li>Можливість швидкої модернізації та доповнення проводки.</li><li>Спрощення монтажу електропроводки при будівництві та реконструкції будівель і споруд.</li></ul> <h2>Технічні характеристики</h2><ul><li>Матеріал: пластичний, самозатухаючий ПВХ</li><li>Вогнетривкість: при займанні матеріал не дозволяє вогню розповсюджуватися, категорія ПВ-0, випробування за ГОСТ Р 53313</li><li>Міцність: не менше 5 кгс/см при температурі -25 °С</li><li>Діапазон температур при тривалій експлуатації: від -15 до +60 °С</li><li>Температура монтажу: від -15 до +60 °С</li><li>Температура зберігання і транспортування: від -25 до +60 °С</li><li>Електричний опір: не менше 1×10<sup>9</sup> Ом×см при температурі +20 °С</li><li>Колір: RAL 7023</li><li>Тест на зняття кришки: для відкриття не потрібно додаткового інструменту, несанкціонований доступ до струмоведучих частин обмежений</li><li>Ширина перфорації, мм: 4</li><li>Ширина зубця, мм: 6</li></ul> ",Русский ~ 25,Русский ~ 60,Русский ~ 2000,Русский ~ Серый
https://001.com.ua/kabel-kanal-perforirovannyy-40x60-mm-impakt-iek,new,,,https://001.com.ua/media/photos/iek/cabsystems/iek-kabel-kanal-perforirovannyy-impakt-photo.jpg,"Кабель-канал перфорированный 40x60 мм «ИМПАКТ», IEK",Перфорированные кабель-каналы (короба),IEK,CKM50-040-060-1-K03,CKM50-040-060-1-K03,outofstock,1,12,"133,65","Кабель-канал перфорированный 40x60 мм «ИМПАКТ», IEK","<h2>Описание товара</h2><p><strong>Перфорированные кабельные каналы серии «ИМПАКТ»</strong> предназначены для организации кабельной разводки в электрораспределительных шкафах и придания эстетической законченности внутри шкафа. Кабель-каналы серии «ИМПАКТ» соответствуют требованиям ТУ 2291-001-18461115-2010.</p><h3>Преимущества</h3><ul><li>Организация кабельной разводки в электрораспределительных шкафах.</li><li>Предохранение проводки от механических повреждений.</li><li>Обеспечение электробезопасности.</li><li>Обеспечение быстрого доступа к проводке в аварийной ситуации.</li><li>Возможность быстрой модернизации и дополнения проводки.</li><li>Упрощение монтажа электропроводки при строительстве и реконструкции зданий и сооружений.</li></ul> <h2>Технические характеристики</h2><ul><li>Материал: пластичный, самозатухающий ПВХ</li><li>Огнеупорность: при возгорании материал не позволяет огню распространяться, категория ПВ-0, испытания по ГОСТ Р 53313</li><li>Прочность: не менее 5 кгс/см при температуре -25 °С</li><li>Диапазон температур при длительной эксплуатации: от -15 до +60 °С</li><li>Температура монтажа: от -15 до +60 °С</li><li>Температура хранения и транспортирования: от -25 до +60 °С</li><li>Электрическое сопротивление: не менее 1×10<sup>9</sup> Ом×см при температуре +20 °С</li><li>Цвет: RAL 7023</li><li>Тест на снятие крышки: для открытия не требуется дополнительного инструмента, несанкционированный доступ к токоведущим частям ограничен</li><li>Ширина перфорации, мм: 4</li><li>Ширина зубца, мм: 6</li></ul> ","Кабель-канал перфорований 40x60 мм «ИМПАКТ», IEK","<h2>Опис товару</h2><p><strong>Перфоровані кабельні канали серії «ИМПАКТ»</strong> призначені для організації кабельної розводки в електророзподільних шафах і надання естетичної завершеності всередині шафи. Кабель-канали серії «ИМПАКТ» відповідають вимогам ТУ 2291-001-18461115-2010.</p><h3>Переваги</h3><ul><li>Організація кабельної розводки в електророзподільних шафах.</li><li>Оберігання проводки від механічних пошкоджень.</li><li>Забезпечення електробезпеки.</li><li>Забезпечення швидкого доступу до проводки в аварійній ситуації.</li><li>Можливість швидкої модернізації та доповнення проводки.</li><li>Спрощення монтажу електропроводки при будівництві та реконструкції будівель і споруд.</li></ul> <h2>Технічні характеристики</h2><ul><li>Матеріал: пластичний, самозатухаючий ПВХ</li><li>Вогнетривкість: при займанні матеріал не дозволяє вогню розповсюджуватися, категорія ПВ-0, випробування за ГОСТ Р 53313</li><li>Міцність: не менше 5 кгс/см при температурі -25 °С</li><li>Діапазон температур при тривалій експлуатації: від -15 до +60 °С</li><li>Температура монтажу: від -15 до +60 °С</li><li>Температура зберігання і транспортування: від -25 до +60 °С</li><li>Електричний опір: не менше 1×10<sup>9</sup> Ом×см при температурі +20 °С</li><li>Колір: RAL 7023</li><li>Тест на зняття кришки: для відкриття не потрібно додаткового інструменту, несанкціонований доступ до струмоведучих частин обмежений</li><li>Ширина перфорації, мм: 4</li><li>Ширина зубця, мм: 6</li></ul> ",Русский ~ 40,Русский ~ 60,Русский ~ 2000,Русский ~ Серый
https://001.com.ua/kabel-kanal-perforirovannyy-60x40-mm-impakt-iek,new,,,https://001.com.ua/media/photos/iek/cabsystems/iek-kabel-kanal-perforirovannyy-impakt-photo.jpg,"Кабель-канал перфорированный 60x40 мм «ИМПАКТ», IEK",Перфорированные кабель-каналы (короба),IEK,CKM50-060-040-1-K03,CKM50-060-040-1-K03,outofstock,1,12,"142,28","Кабель-канал перфорированный 60x40 мм «ИМПАКТ», IEK","<h2>Описание товара</h2><p><strong>Перфорированные кабельные каналы серии «ИМПАКТ»</strong> предназначены для организации кабельной разводки в электрораспределительных шкафах и придания эстетической законченности внутри шкафа. Кабель-каналы серии «ИМПАКТ» соответствуют требованиям ТУ 2291-001-18461115-2010.</p><h3>Преимущества</h3><ul><li>Организация кабельной разводки в электрораспределительных шкафах.</li><li>Предохранение проводки от механических повреждений.</li><li>Обеспечение электробезопасности.</li><li>Обеспечение быстрого доступа к проводке в аварийной ситуации.</li><li>Возможность быстрой модернизации и дополнения проводки.</li><li>Упрощение монтажа электропроводки при строительстве и реконструкции зданий и сооружений.</li></ul> <h2>Технические характеристики</h2><ul><li>Материал: пластичный, самозатухающий ПВХ</li><li>Огнеупорность: при возгорании материал не позволяет огню распространяться, категория ПВ-0, испытания по ГОСТ Р 53313</li><li>Прочность: не менее 5 кгс/см при температуре -25 °С</li><li>Диапазон температур при длительной эксплуатации: от -15 до +60 °С</li><li>Температура монтажа: от -15 до +60 °С</li><li>Температура хранения и транспортирования: от -25 до +60 °С</li><li>Электрическое сопротивление: не менее 1×10<sup>9</sup> Ом×см при температуре +20 °С</li><li>Цвет: RAL 7023</li><li>Тест на снятие крышки: для открытия не требуется дополнительного инструмента, несанкционированный доступ к токоведущим частям ограничен</li><li>Ширина перфорации, мм: 4</li><li>Ширина зубца, мм: 6</li></ul> ","Кабель-канал перфорований 60x40 мм «ИМПАКТ», IEK","<h2>Опис товару</h2><p><strong>Перфоровані кабельні канали серії «ИМПАКТ»</strong> призначені для організації кабельної розводки в електророзподільних шафах і надання естетичної завершеності всередині шафи. Кабель-канали серії «ИМПАКТ» відповідають вимогам ТУ 2291-001-18461115-2010.</p><h3>Переваги</h3><ul><li>Організація кабельної розводки в електророзподільних шафах.</li><li>Оберігання проводки від механічних пошкоджень.</li><li>Забезпечення електробезпеки.</li><li>Забезпечення швидкого доступу до проводки в аварійній ситуації.</li><li>Можливість швидкої модернізації та доповнення проводки.</li><li>Спрощення монтажу електропроводки при будівництві та реконструкції будівель і споруд.</li></ul> <h2>Технічні характеристики</h2><ul><li>Матеріал: пластичний, самозатухаючий ПВХ</li><li>Вогнетривкість: при займанні матеріал не дозволяє вогню розповсюджуватися, категорія ПВ-0, випробування за ГОСТ Р 53313</li><li>Міцність: не менше 5 кгс/см при температурі -25 °С</li><li>Діапазон температур при тривалій експлуатації: від -15 до +60 °С</li><li>Температура монтажу: від -15 до +60 °С</li><li>Температура зберігання і транспортування: від -25 до +60 °С</li><li>Електричний опір: не менше 1×10<sup>9</sup> Ом×см при температурі +20 °С</li><li>Колір: RAL 7023</li><li>Тест на зняття кришки: для відкриття не потрібно додаткового інструменту, несанкціонований доступ до струмоведучих частин обмежений</li><li>Ширина перфорації, мм: 4</li><li>Ширина зубця, мм: 6</li></ul> ",Русский ~ 60,Русский ~ 40,Русский ~ 2000,Русский ~ Серый
https://001.com.ua/kabel-kanal-perforirovannyy-60x60-mm-impakt-iek,new,,,https://001.com.ua/media/photos/iek/cabsystems/iek-kabel-kanal-perforirovannyy-impakt-photo.jpg,"Кабель-канал перфорированный 60x60 мм «ИМПАКТ», IEK",Перфорированные кабель-каналы (короба),IEK,CKM50-060-060-1-K03,CKM50-060-060-1-K03,outofstock,1,12,"160,91","Кабель-канал перфорированный 60x60 мм «ИМПАКТ», IEK","<h2>Описание товара</h2><p><strong>Перфорированные кабельные каналы серии «ИМПАКТ»</strong> предназначены для организации кабельной разводки в электрораспределительных шкафах и придания эстетической законченности внутри шкафа. Кабель-каналы серии «ИМПАКТ» соответствуют требованиям ТУ 2291-001-18461115-2010.</p><h3>Преимущества</h3><ul><li>Организация кабельной разводки в электрораспределительных шкафах.</li><li>Предохранение проводки от механических повреждений.</li><li>Обеспечение электробезопасности.</li><li>Обеспечение быстрого доступа к проводке в аварийной ситуации.</li><li>Возможность быстрой модернизации и дополнения проводки.</li><li>Упрощение монтажа электропроводки при строительстве и реконструкции зданий и сооружений.</li></ul> <h2>Технические характеристики</h2><ul><li>Материал: пластичный, самозатухающий ПВХ</li><li>Огнеупорность: при возгорании материал не позволяет огню распространяться, категория ПВ-0, испытания по ГОСТ Р 53313</li><li>Прочность: не менее 5 кгс/см при температуре -25 °С</li><li>Диапазон температур при длительной эксплуатации: от -15 до +60 °С</li><li>Температура монтажа: от -15 до +60 °С</li><li>Температура хранения и транспортирования: от -25 до +60 °С</li><li>Электрическое сопротивление: не менее 1×10<sup>9</sup> Ом×см при температуре +20 °С</li><li>Цвет: RAL 7023</li><li>Тест на снятие крышки: для открытия не требуется дополнительного инструмента, несанкционированный доступ к токоведущим частям ограничен</li><li>Ширина перфорации, мм: 4</li><li>Ширина зубца, мм: 6</li></ul> ","Кабель-канал перфорований 60x60 мм «ИМПАКТ», IEK","<h2>Опис товару</h2><p><strong>Перфоровані кабельні канали серії «ИМПАКТ»</strong> призначені для організації кабельної розводки в електророзподільних шафах і надання естетичної завершеності всередині шафи. Кабель-канали серії «ИМПАКТ» відповідають вимогам ТУ 2291-001-18461115-2010.</p><h3>Переваги</h3><ul><li>Організація кабельної розводки в електророзподільних шафах.</li><li>Оберігання проводки від механічних пошкоджень.</li><li>Забезпечення електробезпеки.</li><li>Забезпечення швидкого доступу до проводки в аварійній ситуації.</li><li>Можливість швидкої модернізації та доповнення проводки.</li><li>Спрощення монтажу електропроводки при будівництві та реконструкції будівель і споруд.</li></ul> <h2>Технічні характеристики</h2><ul><li>Матеріал: пластичний, самозатухаючий ПВХ</li><li>Вогнетривкість: при займанні матеріал не дозволяє вогню розповсюджуватися, категорія ПВ-0, випробування за ГОСТ Р 53313</li><li>Міцність: не менше 5 кгс/см при температурі -25 °С</li><li>Діапазон температур при тривалій експлуатації: від -15 до +60 °С</li><li>Температура монтажу: від -15 до +60 °С</li><li>Температура зберігання і транспортування: від -25 до +60 °С</li><li>Електричний опір: не менше 1×10<sup>9</sup> Ом×см при температурі +20 °С</li><li>Колір: RAL 7023</li><li>Тест на зняття кришки: для відкриття не потрібно додаткового інструменту, несанкціонований доступ до струмоведучих частин обмежений</li><li>Ширина перфорації, мм: 4</li><li>Ширина зубця, мм: 6</li></ul> ",Русский ~ 60,Русский ~ 60,Русский ~ 2000,Русский ~ Серый
