URL,Слово,Количество
https://sport.ua/betting/bookmakers/linebet,Інформація про букмекера,0
https://sport.ua/betting/bookmakers/linebet,пропонує,0
https://sport.ua/betting/bookmakers/linebet,пропрацьований,0
https://sport.ua/betting/bookmakers/parimatch/prilozhenie,Інформація про букмекера,0
https://sport.ua/betting/bookmakers/parimatch/prilozhenie,пропонує,0
https://sport.ua/betting/bookmakers/parimatch/prilozhenie,пропрацьований,0
https://sport.ua/betting/bookmakers/parimatch/promocode,Інформація про букмекера,0
https://sport.ua/betting/bookmakers/parimatch/promocode,пропонує,0
https://sport.ua/betting/bookmakers/parimatch/promocode,пропрацьований,0
