URL,product_id,Русский slug,Украинский slug,images,item_name,category_name,manufacturer_name,sku,model,stock_status,is_active,warranty,price,Русский title,Русский description,Украинский title,Украинский description,Тип оборудования,Диаметр обвязываемого жгута,Цвет товара
https://001.com.ua/spiralnaya-obvyazka-dlya-provoda-empty-4-50-mm-e-spiral-stand-6-black-10-m-chernaya-e-next,new,,,https://001.com.ua/media/photos/enext/spiral/enext-spiralnaya-obvyazka-e-spiral-stand-6-black-s2038011-photo.jpg ;; https://001.com.ua/media/photos/enext/spiral/gabaritnye-razmery-enext-spiralnaya-obvyazka-e-spiral-stand-6-black-s2038011-photo.jpg,"Спиральная обвязка для провода ∅4-50 мм e.spiral.stand.6.black (10 м) черная, E.NEXT",Спираль монтажная,E.NEXT,s2038011,s2038011,instock,1,12,"39,69","Спиральная обвязка для провода ∅4-50 мм e.spiral.stand.6.black (10 м) черная, E.NEXT","<h2>Описание товара</h2><p>Обвязка кабельная предназначена для бандажирования нескольких проводов в жгут, с целью более упорядоченного, экономичного размещения.</p><p>Упакована в рулоны по 10 м.</p> <h2>Технические характеристики</h2><table><tbody><tr><td>Диаметр обвязываемого жгута, мм</td><td>4-50</td></tr><tr><td>Цвет</td><td>черный</td></tr></tbody></table>","Спіральна обв'язка для проводу ∅4-50 мм e.spiral.stand.6.black (10 м) чорна, E.NEXT","<h2>Опис товару</h2><p>Обв'язка кабельна призначена для бандажування декількох проводів в джгут, з метою більш упорядкованого, економічного розміщення.</p><p>Упакована в рулони по 10 м.</p> <h2>Технічні характеристики</h2><table><tbody><tr><td>Діаметр обв'язуваного джгута, мм</td><td>4-50</td></tr><tr><td>Колір</td><td>чорний</td></tr></tbody></table>",Русский ~ Спираль монтажная,Русский ~ 4-50,Русский ~ Черный
https://001.com.ua/spiralnaya-obvyazka-dlya-provoda-empty-4-50-mm-swb-06-belaya-10-m-asko-ukrem,new,,,https://001.com.ua/media/photos/asko/montazh/asko-spiralnaya-obvyazka-dlya-provoda-photo.jpg,"Спиральная обвязка для провода ∅4-50 мм SWB-06 белая (10 м), АСКО-УКРЕМ",Спираль монтажная,АСКО-УКРЕМ,A0150070001,A0150070001,instock,1,12,"42,72","Спиральная обвязка для провода ∅4-50 мм SWB-06 белая (10 м), АСКО-УКРЕМ","<h2>Описание товара</h2><p>Предназначена для оперативной увязки проводов в жгут.</p> <h2>Технические характеристики</h2><table><tbody><tr><td>Внутренний диаметр ∅d, мм</td><td>4</td></tr><tr><td>Наружный диаметр ∅D, мм</td><td>6</td></tr><tr><td>Ширина обвязки W, мм</td><td>7</td></tr><tr><td>Диаметр провода, мм</td><td>4-50</td></tr><tr><td>Длина L, м</td><td>10</td></tr></tbody></table> ","Спіральна обв'язка для проводу ∅4-50 мм SWB-06 біла (10 м), АСКО-УКРЕМ","<h2>Опис товару</h2><p>Призначена для оперативної ув'язки проводів в джгут.</p> <h2>Технічні характеристики</h2><table><tbody><tr><td>Внутрішній діаметр ∅d, мм</td><td>4</td></tr><tr><td>Зовнішній діаметр ∅D, мм</td><td>6</td></tr><tr><td>Ширина обв'язки W, мм</td><td>7</td></tr><tr><td>Діаметр проводу, мм</td><td>4-50</td></tr><tr><td>Довжина L, м</td><td>10</td></tr></tbody></table> ",Русский ~ Спираль монтажная,Русский ~ 4-50,Русский ~ Белый
https://001.com.ua/spiralnaya-obvyazka-dlya-provoda-empty-4-50-mm-swb-06-chernaya-10-m-asko-ukrem,new,,,https://001.com.ua/media/photos/asko/montazh/asko-spiralnaya-obvyazka-dlya-provoda-black-photo.jpg,"Спиральная обвязка для провода ∅4-50 мм SWB-06 черная (10 м), АСКО-УКРЕМ",Спираль монтажная,АСКО-УКРЕМ,A0150070010,A0150070010,instock,1,12,"42,72","Спиральная обвязка для провода ∅4-50 мм SWB-06 черная (10 м), АСКО-УКРЕМ","<h2>Описание товара</h2><p>Предназначена для оперативной увязки проводов в жгут.</p> <h2>Технические характеристики</h2><table><tbody><tr><td>Внутренний диаметр ∅d, мм</td><td>4</td></tr><tr><td>Наружный диаметр ∅D, мм</td><td>6</td></tr><tr><td>Ширина обвязки W, мм</td><td>7</td></tr><tr><td>Диаметр провода, мм</td><td>4-50</td></tr><tr><td>Длина L, м</td><td>10</td></tr></tbody></table> ","Спіральна обв'язка для проводу ∅4-50 мм SWB-06 чорна (10 м), АСКО-УКРЕМ","<h2>Опис товару</h2><p>Призначена для оперативної ув'язки проводів в джгут.</p> <h2>Технічні характеристики</h2><table><tbody><tr><td>Внутрішній діаметр ∅d, мм</td><td>4</td></tr><tr><td>Зовнішній діаметр ∅D, мм</td><td>6</td></tr><tr><td>Ширина обв'язки W, мм</td><td>7</td></tr><tr><td>Діаметр проводу, мм</td><td>4-50</td></tr><tr><td>Довжина L, м</td><td>10</td></tr></tbody></table> ",Русский ~ Спираль монтажная,Русский ~ 4-50,Русский ~ Черный
https://001.com.ua/spiralnaya-obvyazka-dlya-provoda-empty-1-5-10-mm-e-spiral-stand-3-black-10-m-chernaya-e-next,new,,,https://001.com.ua/media/photos/enext/spiral/enext-spiralnaya-obvyazka-e-spiral-stand-3-black-s2038010-photo.jpg ;; https://001.com.ua/media/photos/enext/spiral/gabaritnye-razmery-enext-spiralnaya-obvyazka-e-spiral-stand-3-black-s2038010-photo.jpg,"Спиральная обвязка для провода ∅1,5-10 мм e.spiral.stand.3.black (10 м) черная, E.NEXT",Спираль монтажная,E.NEXT,s2038010,s2038010,instock,1,12,"31,27","Спиральная обвязка для провода ∅1,5-10 мм e.spiral.stand.3.black (10 м) черная, E.NEXT","<h2>Описание товара</h2><p>Обвязка кабельная предназначена для бандажирования нескольких проводов в жгут, с целью более упорядоченного, экономичного размещения.</p><p>Упакована в рулоны по 10 м.</p> <h2>Технические характеристики</h2><table><tbody><tr><td>Диаметр обвязываемого жгута, мм</td><td>1,5-10</td></tr><tr><td>Цвет</td><td>черный</td></tr></tbody></table>","Спіральна обв'язка для проводу ∅1,5-10 мм e.spiral.stand.3.black (10 м) чорна, E.NEXT","<h2>Опис товару</h2><p>Обв'язка кабельна призначена для бандажування декількох проводів в джгут, з метою більш упорядкованого, економічного розміщення.</p><p>Упакована в рулони по 10 м.</p> <h2>Технічні характеристики</h2><table><tbody><tr><td>Діаметр обв'язуваного джгута, мм</td><td>1,5-10</td></tr><tr><td>Колір</td><td>чорний</td></tr></tbody></table>",Русский ~ Спираль монтажная,"Русский ~ 1,5-10",Русский ~ Черный
https://001.com.ua/spiralnaya-obvyazka-dlya-provoda-empty-7-5-60-mm-swb-10-belaya-10-m-asko-ukrem,new,,,https://001.com.ua/media/photos/asko/montazh/asko-spiralnaya-obvyazka-dlya-provoda-photo.jpg,"Спиральная обвязка для провода ∅7,5-60 мм SWB-10 белая (10 м), АСКО-УКРЕМ",Спираль монтажная,АСКО-УКРЕМ,A0150070003,A0150070003,instock,1,12,"96,63","Спиральная обвязка для провода ∅7,5-60 мм SWB-10 белая (10 м), АСКО-УКРЕМ","<h2>Описание товара</h2><p>Предназначена для оперативной увязки проводов в жгут.</p> <h2>Технические характеристики</h2><table><tbody><tr><td>Внутренний диаметр ∅d, мм</td><td>7,5</td></tr><tr><td>Наружный диаметр ∅D, мм</td><td>9</td></tr><tr><td>Ширина обвязки W, мм</td><td>14</td></tr><tr><td>Диаметр провода, мм</td><td>7,5-60</td></tr><tr><td>Длина L, м</td><td>10</td></tr></tbody></table> ","Спіральна обв'язка для проводу ∅7,5-60 мм SWB-10 біла (10 м), АСКО-УКРЕМ","<h2>Опис товару</h2><p>Призначена для оперативної ув'язки проводів в джгут.</p> <h2>Технічні характеристики</h2><table><tbody><tr><td>Внутрішній діаметр ∅d, мм</td><td>7,5</td></tr><tr><td>Зовнішній діаметр ∅D, мм</td><td>9</td></tr><tr><td>Ширина обв'язки W, мм</td><td>14</td></tr><tr><td>Діаметр проводу, мм</td><td>7,5-60</td></tr><tr><td>Довжина L, м</td><td>10</td></tr></tbody></table> ",Русский ~ Спираль монтажная,Русский ~ 8-60,Русский ~ Белый
https://001.com.ua/spiralnaya-obvyazka-dlya-provoda-empty-1-5-10-mm-e-spiral-stand-3-10-m-e-next,new,,,https://001.com.ua/media/photos/enext/spiral/enext-spiralnaya-obvyazka-e-spiral-stand-3-s2038008-photo.jpg ;; https://001.com.ua/media/photos/enext/spiral/gabaritnye-razmery-enext-spiralnaya-obvyazka-e-spiral-stand-3-s2038008-photo.jpg,"Спиральная обвязка для провода ∅1,5-10 мм e.spiral.stand.3 (10 м), E.NEXT",Спираль монтажная,E.NEXT,s2038008,s2038008,instock,1,12,"31,27","Спиральная обвязка для провода ∅1,5-10 мм e.spiral.stand.3 (10 м), E.NEXT","<h2>Описание товара</h2><p>Обвязка кабельная предназначена для бандажирования нескольких проводов в жгут, с целью более упорядоченного, экономичного размещения.</p><p>Упакована в рулоны по 10 м.</p> <h2>Технические характеристики</h2><table><tbody><tr><td>Диаметр обвязываемого жгута, мм</td><td>1,5-10</td></tr><tr><td>Цвет</td><td>белый</td></tr></tbody></table>","Спіральна обв'язка для проводу ∅1,5-10 мм e.spiral.stand.3 (10 м), E.NEXT","<h2>Опис товару</h2><p>Обв'язка кабельна призначена для бандажування декількох проводів в джгут, з метою більш упорядкованого, економічного розміщення.</p><p>Упакована в рулони по 10 м.</p> <h2>Технічні характеристики</h2><table><tbody><tr><td>Діаметр обв'язуваного джгута, мм</td><td>1,5-10</td></tr><tr><td>Колір</td><td>білий</td></tr></tbody></table>",Русский ~ Спираль монтажная,"Русский ~ 1,5-10",Русский ~ Белый
https://001.com.ua/spiralnaya-obvyazka-dlya-provoda-empty-6-60-mm-e-spiral-stand-8-black-10-m-chernaya-e-next,new,,,https://001.com.ua/media/photos/enext/spiral/enext-spiralnaya-obvyazka-e-spiral-stand-8-black-s2038012-photo.jpg ;; https://001.com.ua/media/photos/enext/spiral/gabaritnye-razmery-enext-spiralnaya-obvyazka-e-spiral-stand-8-black-s2038012-photo.jpg,"Спиральная обвязка для провода ∅6-60 мм e.spiral.stand.8.black (10 м) черная, E.NEXT",Спираль монтажная,E.NEXT,s2038012,s2038012,instock,1,12,"56,78","Спиральная обвязка для провода ∅6-60 мм e.spiral.stand.8.black (10 м) черная, E.NEXT","<h2>Описание товара</h2><p>Обвязка кабельная предназначена для бандажирования нескольких проводов в жгут, с целью более упорядоченного, экономичного размещения.</p><p>Упакована в рулоны по 10 м.</p> <h2>Технические характеристики</h2><table><tbody><tr><td>Диаметр обвязываемого жгута, мм</td><td>6-60</td></tr><tr><td>Цвет</td><td>черный</td></tr></tbody></table>","Спіральна обв'язка для проводу ∅6-60 мм e.spiral.stand.8.black (10 м) чорна, E.NEXT","<h2>Опис товару</h2><p>Обв'язка кабельна призначена для бандажування декількох проводів в джгут, з метою більш упорядкованого, економічного розміщення.</p><p>Упакована в рулони по 10 м.</p> <h2>Технічні характеристики</h2><table><tbody><tr><td>Діаметр обв'язуваного джгута, мм</td><td>6-60</td></tr><tr><td>Колір</td><td>чорний</td></tr></tbody></table>",Русский ~ Спираль монтажная,Русский ~ 6-60,Русский ~ Черный
https://001.com.ua/spiralnaya-obvyazka-dlya-provoda-empty-3-20-mm-swb-03-belaya-10-m-asko-ukrem,new,,,https://001.com.ua/media/photos/asko/montazh/asko-spiralnaya-obvyazka-dlya-provoda-photo.jpg,"Спиральная обвязка для провода ∅3-20 мм SWB-03 белая (10 м), АСКО-УКРЕМ",Спираль монтажная,АСКО-УКРЕМ,A0150070008,A0150070008,instock,1,12,"50,63","Спиральная обвязка для провода ∅3-20 мм SWB-03 белая (10 м), АСКО-УКРЕМ","<h2>Описание товара</h2><p>Предназначена для оперативной увязки проводов в жгут.</p> <h2>Технические характеристики</h2><table><tbody><tr><td>Внутренний диаметр ∅d, мм</td><td>3</td></tr><tr><td>Наружный диаметр ∅D, мм</td><td>4,6</td></tr><tr><td>Ширина обвязки W, мм</td><td>6</td></tr><tr><td>Диаметр провода, мм</td><td>3-20</td></tr><tr><td>Длина L, м</td><td>10</td></tr></tbody></table> ","Спіральна обв'язка для проводу ∅3-20 мм SWB-03 біла (10 м), АСКО-УКРЕМ","<h2>Опис товару</h2><p>Призначена для оперативної ув'язки проводів в джгут.</p> <h2>Технічні характеристики</h2><table><tbody><tr><td>Внутрішній діаметр ∅d, мм</td><td>3</td></tr><tr><td>Зовнішній діаметр ∅D, мм</td><td>4,6</td></tr><tr><td>Ширина обв'язки W, мм</td><td>6</td></tr><tr><td>Діаметр проводу, мм</td><td>3-20</td></tr><tr><td>Довжина L, м</td><td>10</td></tr></tbody></table> ",Русский ~ Спираль монтажная,Русский ~ 3-20,Русский ~ Белый
https://001.com.ua/spiralnaya-obvyazka-dlya-provoda-empty-6-60-mm-swb-08-belaya-10-m-asko-ukrem,new,,,https://001.com.ua/media/photos/asko/montazh/asko-spiralnaya-obvyazka-dlya-provoda-photo.jpg,"Спиральная обвязка для провода ∅6-60 мм SWB-08 белая (10 м), АСКО-УКРЕМ",Спираль монтажная,АСКО-УКРЕМ,A0150070002,A0150070002,instock,1,12,"69,26","Спиральная обвязка для провода ∅6-60 мм SWB-08 белая (10 м), АСКО-УКРЕМ","<h2>Описание товара</h2><p>Предназначена для оперативной увязки проводов в жгут.</p> <h2>Технические характеристики</h2><table><tbody><tr><td>Внутренний диаметр ∅d, мм</td><td>6</td></tr><tr><td>Наружный диаметр ∅D, мм</td><td>8</td></tr><tr><td>Ширина обвязки W, мм</td><td>9</td></tr><tr><td>Диаметр провода, мм</td><td>6-60</td></tr><tr><td>Длина L, м</td><td>10</td></tr></tbody></table> ","Спіральна обв'язка для проводу ∅6-60 мм SWB-08 біла (10 м), АСКО-УКРЕМ","<h2>Опис товару</h2><p>Призначена для оперативної ув'язки проводів в джгут.</p> <h2>Технічні характеристики</h2><table><tbody><tr><td>Внутрішній діаметр ∅d, мм</td><td>6</td></tr><tr><td>Зовнішній діаметр ∅D, мм</td><td>8</td></tr><tr><td>Ширина обв'язки W, мм</td><td>9</td></tr><tr><td>Діаметр проводу, мм</td><td>6-60</td></tr><tr><td>Довжина L, м</td><td>10</td></tr></tbody></table> ",Русский ~ Спираль монтажная,Русский ~ 6-60,Русский ~ Белый
https://001.com.ua/spiralnaya-obvyazka-dlya-provoda-empty-9-65-mm-swb-12-chernaya-10-m-asko-ukrem,new,,,https://001.com.ua/media/photos/asko/montazh/asko-spiralnaya-obvyazka-dlya-provoda-black-photo.jpg,"Спиральная обвязка для провода ∅9-65 мм SWB-12 черная (10 м), АСКО-УКРЕМ",Спираль монтажная,АСКО-УКРЕМ,A0150070013,A0150070013,instock,1,12,"140,55","Спиральная обвязка для провода ∅9-65 мм SWB-12 черная (10 м), АСКО-УКРЕМ","<h2>Описание товара</h2><p>Предназначена для оперативной увязки проводов в жгут.</p> <h2>Технические характеристики</h2><table><tbody><tr><td>Внутренний диаметр ∅d, мм</td><td>9</td></tr><tr><td>Наружный диаметр ∅D, мм</td><td>11</td></tr><tr><td>Ширина обвязки W, мм</td><td>15</td></tr><tr><td>Диаметр провода, мм</td><td>9-65</td></tr><tr><td>Длина L, м</td><td>10</td></tr></tbody></table> ","Спіральна обв'язка для проводу ∅9-65 мм SWB-12 чорна (10 м), АСКО-УКРЕМ","<h2>Опис товару</h2><p>Призначена для оперативної ув'язки проводів в джгут.</p> <h2>Технічні характеристики</h2><table><tbody><tr><td>Внутрішній діаметр ∅d, мм</td><td>9</td></tr><tr><td>Зовнішній діаметр ∅D, мм</td><td>11</td></tr><tr><td>Ширина обв'язки W, мм</td><td>15</td></tr><tr><td>Діаметр проводу, мм</td><td>9-65</td></tr><tr><td>Довжина L, м</td><td>10</td></tr></tbody></table> ",Русский ~ Спираль монтажная,Русский ~ 9-65,Русский ~ Черный
https://001.com.ua/spiralnaya-obvyazka-dlya-provoda-empty-12-75-mm-swb-15-belaya-10-m-asko-ukrem,new,,,https://001.com.ua/media/photos/asko/montazh/asko-spiralnaya-obvyazka-dlya-provoda-photo.jpg,"Спиральная обвязка для провода ∅12-75 мм SWB-15 белая (10 м), АСКО-УКРЕМ",Спираль монтажная,АСКО-УКРЕМ,A0150070005,A0150070005,instock,1,12,"169,96","Спиральная обвязка для провода ∅12-75 мм SWB-15 белая (10 м), АСКО-УКРЕМ","<h2>Описание товара</h2><p>Предназначена для оперативной увязки проводов в жгут.</p> <h2>Технические характеристики</h2><table><tbody><tr><td>Внутренний диаметр ∅d, мм</td><td>12</td></tr><tr><td>Наружный диаметр ∅D, мм</td><td>14</td></tr><tr><td>Ширина обвязки W, мм</td><td>15</td></tr><tr><td>Диаметр провода, мм</td><td>12-75</td></tr><tr><td>Длина L, м</td><td>10</td></tr></tbody></table> ","Спіральна обв'язка для проводу ∅12-75 мм SWB-15 біла (10 м), АСКО-УКРЕМ","<h2>Опис товару</h2><p>Призначена для оперативної ув'язки проводів в джгут.</p> <h2>Технічні характеристики</h2><table><tbody><tr><td>Внутрішній діаметр ∅d, мм</td><td>12</td></tr><tr><td>Зовнішній діаметр ∅D, мм</td><td>14</td></tr><tr><td>Ширина обв'язки W, мм</td><td>15</td></tr><tr><td>Діаметр проводу, мм</td><td>12-75</td></tr><tr><td>Довжина L, м</td><td>10</td></tr></tbody></table> ",Русский ~ Спираль монтажная,Русский ~ 12-75,Русский ~ Белый
https://001.com.ua/spiralnaya-obvyazka-dlya-provoda-empty-7-5-60-mm-swb-10-chernaya-10-m-asko-ukrem,new,,,https://001.com.ua/media/photos/asko/montazh/asko-spiralnaya-obvyazka-dlya-provoda-black-photo.jpg,"Спиральная обвязка для провода ∅7,5-60 мм SWB-10 черная (10 м), АСКО-УКРЕМ",Спираль монтажная,АСКО-УКРЕМ,A0150070012,A0150070012,instock,1,12,"96,63","Спиральная обвязка для провода ∅7,5-60 мм SWB-10 черная (10 м), АСКО-УКРЕМ","<h2>Описание товара</h2><p>Предназначена для оперативной увязки проводов в жгут.</p> <h2>Технические характеристики</h2><table><tbody><tr><td>Внутренний диаметр ∅d, мм</td><td>7,5</td></tr><tr><td>Наружный диаметр ∅D, мм</td><td>9</td></tr><tr><td>Ширина обвязки W, мм</td><td>14</td></tr><tr><td>Диаметр провода, мм</td><td>7,5-60</td></tr><tr><td>Длина L, м</td><td>10</td></tr></tbody></table> ","Спіральна обв'язка для проводу ∅7,5-60 мм SWB-10 чорна (10 м), АСКО-УКРЕМ","<h2>Опис товару</h2><p>Призначена для оперативної ув'язки проводів в джгут.</p> <h2>Технічні характеристики</h2><table><tbody><tr><td>Внутрішній діаметр ∅d, мм</td><td>7,5</td></tr><tr><td>Зовнішній діаметр ∅D, мм</td><td>9</td></tr><tr><td>Ширина обв'язки W, мм</td><td>14</td></tr><tr><td>Діаметр проводу, мм</td><td>7,5-60</td></tr><tr><td>Довжина L, м</td><td>10</td></tr></tbody></table> ",Русский ~ Спираль монтажная,Русский ~ 8-60,Русский ~ Черный
https://001.com.ua/spiralnaya-obvyazka-dlya-provoda-empty-12-75-mm-swb-15-chernaya-10-m-asko-ukrem,new,,,https://001.com.ua/media/photos/asko/montazh/asko-spiralnaya-obvyazka-dlya-provoda-black-photo.jpg,"Спиральная обвязка для провода ∅12-75 мм SWB-15 черная (10 м), АСКО-УКРЕМ",Спираль монтажная,АСКО-УКРЕМ,A0150070014,A0150070014,instock,1,12,"169,96","Спиральная обвязка для провода ∅12-75 мм SWB-15 черная (10 м), АСКО-УКРЕМ","<h2>Описание товара</h2><p>Предназначена для оперативной увязки проводов в жгут.</p> <h2>Технические характеристики</h2><table><tbody><tr><td>Внутренний диаметр ∅d, мм</td><td>12</td></tr><tr><td>Наружный диаметр ∅D, мм</td><td>14</td></tr><tr><td>Ширина обвязки W, мм</td><td>15</td></tr><tr><td>Диаметр провода, мм</td><td>12-75</td></tr><tr><td>Длина L, м</td><td>10</td></tr></tbody></table> ","Спіральна обв'язка для проводу ∅12-75 мм SWB-15 чорна (10 м), АСКО-УКРЕМ","<h2>Опис товару</h2><p>Призначена для оперативної ув'язки проводів в джгут.</p> <h2>Технічні характеристики</h2><table><tbody><tr><td>Внутрішній діаметр ∅d, мм</td><td>12</td></tr><tr><td>Зовнішній діаметр ∅D, мм</td><td>14</td></tr><tr><td>Ширина обв'язки W, мм</td><td>15</td></tr><tr><td>Діаметр проводу, мм</td><td>12-75</td></tr><tr><td>Довжина L, м</td><td>10</td></tr></tbody></table> ",Русский ~ Спираль монтажная,Русский ~ 12-75,Русский ~ Черный
https://001.com.ua/spiralnaya-obvyazka-dlya-provoda-empty-15-100-mm-e-spiral-stand-19-black-10-m-chernaya-e-next,new,,,https://001.com.ua/media/photos/enext/spiral/enext-spiralnaya-obvyazka-e-spiral-stand-19-black-s2038016-photo.jpg ;; https://001.com.ua/media/photos/enext/spiral/gabaritnye-razmery-enext-spiralnaya-obvyazka-e-spiral-stand-19-black-s2038016-photo.jpg,"Спиральная обвязка для провода ∅15-100 мм e.spiral.stand.19.black (10 м) черная, E.NEXT",Спираль монтажная,E.NEXT,s2038016,s2038016,instock,1,12,"211,56","Спиральная обвязка для провода ∅15-100 мм e.spiral.stand.19.black (10 м) черная, E.NEXT","<h2>Описание товара</h2><p>Обвязка кабельная предназначена для бандажирования нескольких проводов в жгут, с целью более упорядоченного, экономичного размещения.</p><p>Упакована в рулоны по 10 м.</p> <h2>Технические характеристики</h2><table><tbody><tr><td>Диаметр обвязываемого жгута, мм</td><td>15-100</td></tr><tr><td>Цвет</td><td>черный</td></tr></tbody></table>","Спіральна обв'язка для проводу ∅15-100 мм e.spiral.stand.19.black (10 м) чорна, E.NEXT","<h2>Опис товару</h2><p>Обв'язка кабельна призначена для бандажування декількох проводів в джгут, з метою більш упорядкованого, економічного розміщення.</p><p>Упакована в рулони по 10 м.</p> <h2>Технічні характеристики</h2><table><tbody><tr><td>Діаметр обв'язуваного джгута, мм</td><td>15-100</td></tr><tr><td>Колір</td><td>чорний</td></tr></tbody></table>",Русский ~ Спираль монтажная,Русский ~ 15-100,Русский ~ Черный
https://001.com.ua/spiralnaya-obvyazka-dlya-provoda-empty-9-65-mm-e-spiral-stand-12-black-10-m-chernaya-e-next,new,,,https://001.com.ua/media/photos/enext/spiral/enext-spiralnaya-obvyazka-e-spiral-stand-12-black-s2038014-photo.jpg ;; https://001.com.ua/media/photos/enext/spiral/gabaritnye-razmery-enext-spiralnaya-obvyazka-e-spiral-stand-12-black-s2038014-photo.jpg,"Спиральная обвязка для провода ∅9-65 мм e.spiral.stand.12.black (10 м) черная, E.NEXT",Спираль монтажная,E.NEXT,s2038014,s2038014,instock,1,12,"101,38","Спиральная обвязка для провода ∅9-65 мм e.spiral.stand.12.black (10 м) черная, E.NEXT","<h2>Описание товара</h2><p>Обвязка кабельная предназначена для бандажирования нескольких проводов в жгут, с целью более упорядоченного, экономичного размещения.</p><p>Упакована в рулоны по 10 м.</p> <h2>Технические характеристики</h2><table><tbody><tr><td>Диаметр обвязываемого жгута, мм</td><td>9-65</td></tr><tr><td>Цвет</td><td>черный</td></tr></tbody></table>","Спіральна обв'язка для проводу ∅9-65 мм e.spiral.stand.12.black (10 м) чорна, E.NEXT","<h2>Опис товару</h2><p>Обв'язка кабельна призначена для бандажування декількох проводів в джгут, з метою більш упорядкованого, економічного розміщення.</p><p>Упакована в рулони по 10 м.</p> <h2>Технічні характеристики</h2><table><tbody><tr><td>Діаметр обв'язуваного джгута, мм</td><td>9-65</td></tr><tr><td>Колір</td><td>чорний</td></tr></tbody></table>",Русский ~ Спираль монтажная,Русский ~ 9-65,Русский ~ Черный
https://001.com.ua/spiralnaya-obvyazka-dlya-provoda-empty-8-60-mm-e-spiral-stand-10-10-m-e-next,new,,,https://001.com.ua/media/photos/enext/spiral/enext-spiralnaya-obvyazka-e-spiral-stand-10-s2038003-photo.jpg ;; https://001.com.ua/media/photos/enext/spiral/gabaritnye-razmery-enext-spiralnaya-obvyazka-e-spiral-stand-10-s2038003-photo.jpg,"Спиральная обвязка для провода ∅8-60 мм e.spiral.stand.10 (10 м), E.NEXT",Спираль монтажная,E.NEXT,s2038003,s2038003,instock,1,12,"79,38","Спиральная обвязка для провода ∅8-60 мм e.spiral.stand.10 (10 м), E.NEXT","<h2>Описание товара</h2><p>Обвязка кабельная предназначена для бандажирования нескольких проводов в жгут, с целью более упорядоченного, экономичного размещения.</p><p>Упакована в рулоны по 10 м.</p> <h2>Технические характеристики</h2><table><tbody><tr><td>Диаметр обвязываемого жгута, мм</td><td>8-60</td></tr><tr><td>Цвет</td><td>белый</td></tr></tbody></table>","Спіральна обв'язка для проводу ∅8-60 мм e.spiral.stand.10 (10 м), E.NEXT","<h2>Опис товару</h2><p>Обв'язка кабельна призначена для бандажування декількох проводів в джгут, з метою більш упорядкованого, економічного розміщення.</p><p>Упакована в рулони по 10 м.</p> <h2>Технічні характеристики</h2><table><tbody><tr><td>Діаметр обв'язуваного джгута, мм</td><td>8-60</td></tr><tr><td>Колір</td><td>білий</td></tr></tbody></table>",Русский ~ Спираль монтажная,Русский ~ 8-60,Русский ~ Белый
https://001.com.ua/spiralnaya-obvyazka-dlya-provoda-empty-8-60-mm-e-spiral-stand-10-black-10-m-chernaya-e-next,new,,,https://001.com.ua/media/photos/enext/spiral/enext-spiralnaya-obvyazka-e-spiral-stand-10-black-s2038013-photo.jpg ;; https://001.com.ua/media/photos/enext/spiral/gabaritnye-razmery-enext-spiralnaya-obvyazka-e-spiral-stand-10-black-s2038013-photo.jpg,"Спиральная обвязка для провода ∅8-60 мм e.spiral.stand.10.black (10 м) черная, E.NEXT",Спираль монтажная,E.NEXT,s2038013,s2038013,instock,1,12,"79,38","Спиральная обвязка для провода ∅8-60 мм e.spiral.stand.10.black (10 м) черная, E.NEXT","<h2>Описание товара</h2><p>Обвязка кабельная предназначена для бандажирования нескольких проводов в жгут, с целью более упорядоченного, экономичного размещения.</p><p>Упакована в рулоны по 10 м.</p> <h2>Технические характеристики</h2><table><tbody><tr><td>Диаметр обвязываемого жгута, мм</td><td>8-60</td></tr><tr><td>Цвет</td><td>черный</td></tr></tbody></table>","Спіральна обв'язка для проводу ∅8-60 мм e.spiral.stand.10.black (10 м) чорна, E.NEXT","<h2>Опис товару</h2><p>Обв'язка кабельна призначена для бандажування декількох проводів в джгут, з метою більш упорядкованого, економічного розміщення.</p><p>Упакована в рулони по 10 м.</p> <h2>Технічні характеристики</h2><table><tbody><tr><td>Діаметр обв'язуваного джгута, мм</td><td>8-60</td></tr><tr><td>Колір</td><td>чорний</td></tr></tbody></table>",Русский ~ Спираль монтажная,Русский ~ 8-60,Русский ~ Черный
https://001.com.ua/spiralnaya-obvyazka-dlya-provoda-empty-6-60-mm-e-spiral-stand-8-10-m-e-next,new,,,https://001.com.ua/media/photos/enext/spiral/enext-spiralnaya-obvyazka-e-spiral-stand-8-s2038002-photo.jpg ;; https://001.com.ua/media/photos/enext/spiral/gabaritnye-razmery-enext-spiralnaya-obvyazka-e-spiral-stand-8-s2038002-photo.jpg,"Спиральная обвязка для провода ∅6-60 мм e.spiral.stand.8 (10 м), E.NEXT",Спираль монтажная,E.NEXT,s2038002,s2038002,instock,1,12,"56,78","Спиральная обвязка для провода ∅6-60 мм e.spiral.stand.8 (10 м), E.NEXT","<h2>Описание товара</h2><p>Обвязка кабельная предназначена для бандажирования нескольких проводов в жгут, с целью более упорядоченного, экономичного размещения.</p><p>Упакована в рулоны по 10 м.</p> <h2>Технические характеристики</h2><table><tbody><tr><td>Диаметр обвязываемого жгута, мм</td><td>6-60</td></tr><tr><td>Цвет</td><td>белый</td></tr></tbody></table>","Спіральна обв'язка для проводу ∅6-60 мм e.spiral.stand.8 (10 м), E.NEXT","<h2>Опис товару</h2><p>Обв'язка кабельна призначена для бандажування декількох проводів в джгут, з метою більш упорядкованого, економічного розміщення.</p><p>Упакована в рулони по 10 м.</p> <h2>Технічні характеристики</h2><table><tbody><tr><td>Діаметр обв'язуваного джгута, мм</td><td>6-60</td></tr><tr><td>Колір</td><td>білий</td></tr></tbody></table>",Русский ~ Спираль монтажная,Русский ~ 6-60,Русский ~ Белый
https://001.com.ua/spiralnaya-obvyazka-dlya-provoda-empty-15-70-mm-e-spiral-stand-15-10-m-e-next,new,,,https://001.com.ua/media/photos/enext/spiral/enext-spiralnaya-obvyazka-e-spiral-stand-15-s2038005-photo.jpg ;; https://001.com.ua/media/photos/enext/spiral/gabaritnye-razmery-enext-spiralnaya-obvyazka-e-spiral-stand-15-s2038005-photo.jpg,"Спиральная обвязка для провода ∅15-70 мм e.spiral.stand.15 (10 м), E.NEXT",Спираль монтажная,E.NEXT,s2038005,s2038005,instock,1,12,"156,77","Спиральная обвязка для провода ∅15-70 мм e.spiral.stand.15 (10 м), E.NEXT","<h2>Описание товара</h2><p>Обвязка кабельная предназначена для бандажирования нескольких проводов в жгут, с целью более упорядоченного, экономичного размещения.</p><p>Упакована в рулоны по 10 м.</p> <h2>Технические характеристики</h2><table><tbody><tr><td>Диаметр обвязываемого жгута, мм</td><td>15-70</td></tr><tr><td>Цвет</td><td>белый</td></tr></tbody></table>","Спіральна обв'язка для проводу ∅15-70 мм e.spiral.stand.15 (10 м), E.NEXT","<h2>Опис товару</h2><p>Обв'язка кабельна призначена для бандажування декількох проводів в джгут, з метою більш упорядкованого, економічного розміщення.</p><p>Упакована в рулони по 10 м.</p> <h2>Технічні характеристики</h2><table><tbody><tr><td>Діаметр обв'язуваного джгута, мм</td><td>15-70</td></tr><tr><td>Колір</td><td>білий</td></tr></tbody></table>",Русский ~ Спираль монтажная,Русский ~ 15-70,Русский ~ Белый
https://001.com.ua/spiralnaya-obvyazka-dlya-provoda-empty-9-65-mm-swb-12-belaya-10-m-asko-ukrem,new,,,https://001.com.ua/media/photos/asko/montazh/asko-spiralnaya-obvyazka-dlya-provoda-photo.jpg,"Спиральная обвязка для провода ∅9-65 мм SWB-12 белая (10 м), АСКО-УКРЕМ",Спираль монтажная,АСКО-УКРЕМ,A0150070004,A0150070004,instock,1,12,"112,44","Спиральная обвязка для провода ∅9-65 мм SWB-12 белая (10 м), АСКО-УКРЕМ","<h2>Описание товара</h2><p>Предназначена для оперативной увязки проводов в жгут.</p> <h2>Технические характеристики</h2><table><tbody><tr><td>Внутренний диаметр ∅d, мм</td><td>9</td></tr><tr><td>Наружный диаметр ∅D, мм</td><td>11</td></tr><tr><td>Ширина обвязки W, мм</td><td>15</td></tr><tr><td>Диаметр провода, мм</td><td>9-65</td></tr><tr><td>Длина L, м</td><td>10</td></tr></tbody></table> ","Спіральна обв'язка для проводу ∅9-65 мм SWB-12 біла (10 м), АСКО-УКРЕМ","<h2>Опис товару</h2><p>Призначена для оперативної ув'язки проводів в джгут.</p> <h2>Технічні характеристики</h2><table><tbody><tr><td>Внутрішній діаметр ∅d, мм</td><td>9</td></tr><tr><td>Зовнішній діаметр ∅D, мм</td><td>11</td></tr><tr><td>Ширина обв'язки W, мм</td><td>15</td></tr><tr><td>Діаметр проводу, мм</td><td>9-65</td></tr><tr><td>Довжина L, м</td><td>10</td></tr></tbody></table> ",Русский ~ Спираль монтажная,Русский ~ 9-65,Русский ~ Белый
https://001.com.ua/spiralnaya-obvyazka-dlya-provoda-empty-15-100-mm-swb-19-belaya-10-m-asko-ukrem,new,,,https://001.com.ua/media/photos/asko/montazh/asko-spiralnaya-obvyazka-dlya-provoda-photo.jpg,"Спиральная обвязка для провода ∅15-100 мм SWB-19 белая (10 м), АСКО-УКРЕМ",Спираль монтажная,АСКО-УКРЕМ,A0150070006,A0150070006,instock,1,12,"211,07","Спиральная обвязка для провода ∅15-100 мм SWB-19 белая (10 м), АСКО-УКРЕМ","<h2>Описание товара</h2><p>Предназначена для оперативной увязки проводов в жгут.</p> <h2>Технические характеристики</h2><table><tbody><tr><td>Внутренний диаметр ∅d, мм</td><td>15</td></tr><tr><td>Наружный диаметр ∅D, мм</td><td>19</td></tr><tr><td>Ширина обвязки W, мм</td><td>21</td></tr><tr><td>Диаметр провода, мм</td><td>15-100</td></tr><tr><td>Длина L, м</td><td>10</td></tr></tbody></table> ","Спіральна обв'язка для проводу ∅15-100 мм SWB-19 біла (10 м), АСКО-УКРЕМ","<h2>Опис товару</h2><p>Призначена для оперативної ув'язки проводів в джгут.</p> <h2>Технічні характеристики</h2><table><tbody><tr><td>Внутрішній діаметр ∅d, мм</td><td>15</td></tr><tr><td>Зовнішній діаметр ∅D, мм</td><td>19</td></tr><tr><td>Ширина обв'язки W, мм</td><td>21</td></tr><tr><td>Діаметр проводу, мм</td><td>15-100</td></tr><tr><td>Довжина L, м</td><td>10</td></tr></tbody></table> ",Русский ~ Спираль монтажная,Русский ~ 15-100,Русский ~ Белый
https://001.com.ua/spiralnaya-obvyazka-dlya-provoda-empty-20-130-mm-swb-24-belaya-10-m-asko-ukrem,new,,,https://001.com.ua/media/photos/asko/montazh/asko-spiralnaya-obvyazka-dlya-provoda-photo.jpg,"Спиральная обвязка для провода ∅20-130 мм SWB-24 белая (10 м), АСКО-УКРЕМ",Спираль монтажная,АСКО-УКРЕМ,A0150070007,A0150070007,instock,1,12,"388,90","Спиральная обвязка для провода ∅20-130 мм SWB-24 белая (10 м), АСКО-УКРЕМ","<h2>Описание товара</h2><p>Предназначена для оперативной увязки проводов в жгут.</p> <h2>Технические характеристики</h2><table><tbody><tr><td>Внутренний диаметр ∅d, мм</td><td>20</td></tr><tr><td>Наружный диаметр ∅D, мм</td><td>22</td></tr><tr><td>Ширина обвязки W, мм</td><td>25</td></tr><tr><td>Диаметр провода, мм</td><td>20-130</td></tr><tr><td>Длина L, м</td><td>10</td></tr></tbody></table> ","Спіральна обв'язка для проводу ∅20-130 мм SWB-24 біла (10 м), АСКО-УКРЕМ","<h2>Опис товару</h2><p>Призначена для оперативної ув'язки проводів в джгут.</p> <h2>Технічні характеристики</h2><table><tbody><tr><td>Внутрішній діаметр ∅d, мм</td><td>20</td></tr><tr><td>Зовнішній діаметр ∅D, мм</td><td>22</td></tr><tr><td>Ширина обв'язки W, мм</td><td>25</td></tr><tr><td>Діаметр проводу, мм</td><td>20-130</td></tr><tr><td>Довжина L, м</td><td>10</td></tr></tbody></table> ",Русский ~ Спираль монтажная,Русский ~ 20-130,Русский ~ Белый
https://001.com.ua/spiralnaya-obvyazka-dlya-provoda-empty-22-350-mm-swb-30-belaya-10-m-asko-ukrem,new,,,https://001.com.ua/media/photos/asko/montazh/asko-spiralnaya-obvyazka-dlya-provoda-photo.jpg,"Спиральная обвязка для провода ∅22-350 мм SWB-30 белая (10 м), АСКО-УКРЕМ",Спираль монтажная,АСКО-УКРЕМ,A0150070009,A0150070009,instock,1,12,"825,54","Спиральная обвязка для провода ∅22-350 мм SWB-30 белая (10 м), АСКО-УКРЕМ","<h2>Описание товара</h2><p>Предназначена для оперативной увязки проводов в жгут.</p> <h2>Технические характеристики</h2><table><tbody><tr><td>Внутренний диаметр ∅d, мм</td><td>22</td></tr><tr><td>Наружный диаметр ∅D, мм</td><td>25</td></tr><tr><td>Ширина обвязки W, мм</td><td>31</td></tr><tr><td>Диаметр провода, мм</td><td>22-350</td></tr><tr><td>Длина L, м</td><td>10</td></tr></tbody></table> ","Спіральна обв'язка для проводу ∅22-350 мм SWB-30 біла (10 м), АСКО-УКРЕМ","<h2>Опис товару</h2><p>Призначена для оперативної ув'язки проводів в джгут.</p> <h2>Технічні характеристики</h2><table><tbody><tr><td>Внутрішній діаметр ∅d, мм</td><td>22</td></tr><tr><td>Зовнішній діаметр ∅D, мм</td><td>25</td></tr><tr><td>Ширина обв'язки W, мм</td><td>31</td></tr><tr><td>Діаметр проводу, мм</td><td>22-350</td></tr><tr><td>Довжина L, м</td><td>10</td></tr></tbody></table> ",Русский ~ Спираль монтажная,Русский ~ 22-350,Русский ~ Белый
https://001.com.ua/spiralnaya-obvyazka-dlya-provoda-empty-6-60-mm-swb-08-chernaya-10-m-asko-ukrem,new,,,https://001.com.ua/media/photos/asko/montazh/asko-spiralnaya-obvyazka-dlya-provoda-black-photo.jpg,"Спиральная обвязка для провода ∅6-60 мм SWB-08 черная (10 м), АСКО-УКРЕМ",Спираль монтажная,АСКО-УКРЕМ,A0150070011,A0150070011,instock,1,12,"69,26","Спиральная обвязка для провода ∅6-60 мм SWB-08 черная (10 м), АСКО-УКРЕМ","<h2>Описание товара</h2><p>Предназначена для оперативной увязки проводов в жгут.</p> <h2>Технические характеристики</h2><table><tbody><tr><td>Внутренний диаметр ∅d, мм</td><td>6</td></tr><tr><td>Наружный диаметр ∅D, мм</td><td>8</td></tr><tr><td>Ширина обвязки W, мм</td><td>9</td></tr><tr><td>Диаметр провода, мм</td><td>6-60</td></tr><tr><td>Длина L, м</td><td>10</td></tr></tbody></table> ","Спіральна обв'язка для проводу ∅6-60 мм SWB-08 чорна (10 м), АСКО-УКРЕМ","<h2>Опис товару</h2><p>Призначена для оперативної ув'язки проводів в джгут.</p> <h2>Технічні характеристики</h2><table><tbody><tr><td>Внутрішній діаметр ∅d, мм</td><td>6</td></tr><tr><td>Зовнішній діаметр ∅D, мм</td><td>8</td></tr><tr><td>Ширина обв'язки W, мм</td><td>9</td></tr><tr><td>Діаметр проводу, мм</td><td>6-60</td></tr><tr><td>Довжина L, м</td><td>10</td></tr></tbody></table> ",Русский ~ Спираль монтажная,Русский ~ 6-60,Русский ~ Черный
https://001.com.ua/spiralnaya-obvyazka-dlya-provoda-empty-20-130-mm-swb-24-chernaya-10-m-asko-ukrem,new,,,https://001.com.ua/media/photos/asko/montazh/asko-spiralnaya-obvyazka-dlya-provoda-black-photo.jpg,"Спиральная обвязка для провода ∅20-130 мм SWB-24 черная (10 м), АСКО-УКРЕМ",Спираль монтажная,АСКО-УКРЕМ,A0150070016,A0150070016,instock,1,12,"388,90","Спиральная обвязка для провода ∅20-130 мм SWB-24 черная (10 м), АСКО-УКРЕМ","<h2>Описание товара</h2><p>Предназначена для оперативной увязки проводов в жгут.</p> <h2>Технические характеристики</h2><table><tbody><tr><td>Внутренний диаметр ∅d, мм</td><td>20</td></tr><tr><td>Наружный диаметр ∅D, мм</td><td>22</td></tr><tr><td>Ширина обвязки W, мм</td><td>25</td></tr><tr><td>Диаметр провода, мм</td><td>20-130</td></tr><tr><td>Длина L, м</td><td>10</td></tr></tbody></table> ","Спіральна обв'язка для проводу ∅20-130 мм SWB-24 чорна (10 м), АСКО-УКРЕМ","<h2>Опис товару</h2><p>Призначена для оперативної ув'язки проводів в джгут.</p> <h2>Технічні характеристики</h2><table><tbody><tr><td>Внутрішній діаметр ∅d, мм</td><td>20</td></tr><tr><td>Зовнішній діаметр ∅D, мм</td><td>22</td></tr><tr><td>Ширина обв'язки W, мм</td><td>25</td></tr><tr><td>Діаметр проводу, мм</td><td>20-130</td></tr><tr><td>Довжина L, м</td><td>10</td></tr></tbody></table> ",Русский ~ Спираль монтажная,Русский ~ 20-130,Русский ~ Черный
https://001.com.ua/spiralnaya-obvyazka-dlya-provoda-empty-15-70-mm-e-spiral-stand-15-black-10-m-chernaya-e-next,new,,,https://001.com.ua/media/photos/enext/spiral/enext-spiralnaya-obvyazka-e-spiral-stand-15-black-s2038015-photo.jpg ;; https://001.com.ua/media/photos/enext/spiral/gabaritnye-razmery-enext-spiralnaya-obvyazka-e-spiral-stand-15-black-s2038015-photo.jpg,"Спиральная обвязка для провода ∅15-70 мм e.spiral.stand.15.black (10 м) черная, E.NEXT",Спираль монтажная,E.NEXT,s2038015,s2038015,instock,1,12,"156,77","Спиральная обвязка для провода ∅15-70 мм e.spiral.stand.15.black (10 м) черная, E.NEXT","<h2>Описание товара</h2><p>Обвязка кабельная предназначена для бандажирования нескольких проводов в жгут, с целью более упорядоченного, экономичного размещения.</p><p>Упакована в рулоны по 10 м.</p> <h2>Технические характеристики</h2><table><tbody><tr><td>Диаметр обвязываемого жгута, мм</td><td>15-70</td></tr><tr><td>Цвет</td><td>черный</td></tr></tbody></table>","Спіральна обв'язка для проводу ∅15-70 мм e.spiral.stand.15.black (10 м) чорна, E.NEXT","<h2>Опис товару</h2><p>Обв'язка кабельна призначена для бандажування декількох проводів в джгут, з метою більш упорядкованого, економічного розміщення.</p><p>Упакована в рулони по 10 м.</p> <h2>Технічні характеристики</h2><table><tbody><tr><td>Діаметр обв'язуваного джгута, мм</td><td>15-70</td></tr><tr><td>Колір</td><td>чорний</td></tr></tbody></table>",Русский ~ Спираль монтажная,Русский ~ 15-70,Русский ~ Черный
https://001.com.ua/spiralnaya-obvyazka-dlya-provoda-empty-15-100-mm-e-spiral-stand-19-10-m-e-next,new,,,https://001.com.ua/media/photos/enext/spiral/enext-spiralnaya-obvyazka-e-spiral-stand-19-s2038006-photo.jpg ;; https://001.com.ua/media/photos/enext/spiral/gabaritnye-razmery-enext-spiralnaya-obvyazka-e-spiral-stand-19-s2038006-photo.jpg,"Спиральная обвязка для провода ∅15-100 мм e.spiral.stand.19 (10 м), E.NEXT",Спираль монтажная,E.NEXT,s2038006,s2038006,instock,1,12,"211,56","Спиральная обвязка для провода ∅15-100 мм e.spiral.stand.19 (10 м), E.NEXT","<h2>Описание товара</h2><p>Обвязка кабельная предназначена для бандажирования нескольких проводов в жгут, с целью более упорядоченного, экономичного размещения.</p><p>Упакована в рулоны по 10 м.</p> <h2>Технические характеристики</h2><table><tbody><tr><td>Диаметр обвязываемого жгута, мм</td><td>15-100</td></tr><tr><td>Цвет</td><td>белый</td></tr></tbody></table>","Спіральна обв'язка для проводу ∅15-100 мм e.spiral.stand.19 (10 м), E.NEXT","<h2>Опис товару</h2><p>Обв'язка кабельна призначена для бандажування декількох проводів в джгут, з метою більш упорядкованого, економічного розміщення.</p><p>Упакована в рулони по 10 м.</p> <h2>Технічні характеристики</h2><table><tbody><tr><td>Діаметр обв'язуваного джгута, мм</td><td>15-100</td></tr><tr><td>Колір</td><td>білий</td></tr></tbody></table>",Русский ~ Спираль монтажная,Русский ~ 15-100,Русский ~ Белый
https://001.com.ua/spiralnaya-obvyazka-dlya-provoda-empty-20-130-mm-e-spiral-stand-24-10-m-e-next,new,,,https://001.com.ua/media/photos/enext/spiral/enext-spiralnaya-obvyazka-e-spiral-stand-24-s2038007-photo.jpg ;; https://001.com.ua/media/photos/enext/spiral/gabaritnye-razmery-enext-spiralnaya-obvyazka-e-spiral-stand-24-s2038007-photo.jpg,"Спиральная обвязка для провода ∅20-130 мм e.spiral.stand.24 (10 м), E.NEXT",Спираль монтажная,E.NEXT,s2038007,s2038007,instock,1,12,"349,66","Спиральная обвязка для провода ∅20-130 мм e.spiral.stand.24 (10 м), E.NEXT","<h2>Описание товара</h2><p>Обвязка кабельная предназначена для бандажирования нескольких проводов в жгут, с целью более упорядоченного, экономичного размещения.</p><p>Упакована в рулоны по 10 м.</p> <h2>Технические характеристики</h2><table><tbody><tr><td>Диаметр обвязываемого жгута, мм</td><td>20-130</td></tr><tr><td>Цвет</td><td>белый</td></tr></tbody></table>","Спіральна обв'язка для проводу ∅20-130 мм e.spiral.stand.24 (10 м), E.NEXT","<h2>Опис товару</h2><p>Обв'язка кабельна призначена для бандажування декількох проводів в джгут, з метою більш упорядкованого, економічного розміщення.</p><p>Упакована в рулони по 10 м.</p> <h2>Технічні характеристики</h2><table><tbody><tr><td>Діаметр обв'язуваного джгута, мм</td><td>20-130</td></tr><tr><td>Колір</td><td>білий</td></tr></tbody></table>",Русский ~ Спираль монтажная,Русский ~ 20-130,Русский ~ Белый
https://001.com.ua/spiralnaya-obvyazka-dlya-provoda-empty-20-130-mm-e-spiral-stand-24-black-10-m-chernaya-e-next,new,,,https://001.com.ua/media/photos/enext/spiral/enext-spiralnaya-obvyazka-e-spiral-stand-24-black-s2038017-photo.jpg ;; https://001.com.ua/media/photos/enext/spiral/gabaritnye-razmery-enext-spiralnaya-obvyazka-e-spiral-stand-24-black-s2038017-photo.jpg,"Спиральная обвязка для провода ∅20-130 мм e.spiral.stand.24.black (10 м) черная, E.NEXT",Спираль монтажная,E.NEXT,s2038017,s2038017,instock,1,12,"349,66","Спиральная обвязка для провода ∅20-130 мм e.spiral.stand.24.black (10 м) черная, E.NEXT","<h2>Описание товара</h2><p>Обвязка кабельная предназначена для бандажирования нескольких проводов в жгут, с целью более упорядоченного, экономичного размещения.</p><p>Упакована в рулоны по 10 м.</p> <h2>Технические характеристики</h2><table><tbody><tr><td>Диаметр обвязываемого жгута, мм</td><td>20-130</td></tr><tr><td>Цвет</td><td>черный</td></tr></tbody></table>","Спіральна обв'язка для проводу ∅20-130 мм e.spiral.stand.24.black (10 м) чорна, E.NEXT","<h2>Опис товару</h2><p>Обв'язка кабельна призначена для бандажування декількох проводів в джгут, з метою більш упорядкованого, економічного розміщення.</p><p>Упакована в рулони по 10 м.</p> <h2>Технічні характеристики</h2><table><tbody><tr><td>Діаметр обв'язуваного джгута, мм</td><td>20-130</td></tr><tr><td>Колір</td><td>чорний</td></tr></tbody></table>",Русский ~ Спираль монтажная,Русский ~ 20-130,Русский ~ Черный
https://001.com.ua/spiralnaya-obvyazka-dlya-provoda-empty-26-150-mm-e-spiral-stand-30-black-10-m-chernaya-e-next,new,,,https://001.com.ua/media/photos/enext/spiral/enext-spiralnaya-obvyazka-e-spiral-stand-30-black-s2038018-photo.jpg ;; https://001.com.ua/media/photos/enext/spiral/gabaritnye-razmery-enext-spiralnaya-obvyazka-e-spiral-stand-30-black-s2038018-photo.jpg,"Спиральная обвязка для провода ∅26-150 мм e.spiral.stand.30.black (10 м) черная, E.NEXT",Спираль монтажная,E.NEXT,s2038018,s2038018,instock,1,12,"456,57","Спиральная обвязка для провода ∅26-150 мм e.spiral.stand.30.black (10 м) черная, E.NEXT","<h2>Описание товара</h2><p>Обвязка кабельная предназначена для бандажирования нескольких проводов в жгут, с целью более упорядоченного, экономичного размещения.</p><p>Упакована в рулоны по 10 м.</p> <h2>Технические характеристики</h2><table><tbody><tr><td>Диаметр обвязываемого жгута, мм</td><td>26-150</td></tr><tr><td>Цвет</td><td>черный</td></tr></tbody></table>","Спіральна обв'язка для проводу ∅26-150 мм e.spiral.stand.30.black (10 м) чорна, E.NEXT","<h2>Опис товару</h2><p>Обв'язка кабельна призначена для бандажування декількох проводів в джгут, з метою більш упорядкованого, економічного розміщення.</p><p>Упакована в рулони по 10 м.</p> <h2>Технічні характеристики</h2><table><tbody><tr><td>Діаметр обв'язуваного джгута, мм</td><td>26-150</td></tr><tr><td>Колір</td><td>чорний</td></tr></tbody></table>",Русский ~ Спираль монтажная,Русский ~ 26-150,Русский ~ Черный
https://001.com.ua/spiralnaya-obvyazka-dlya-provoda-empty-4-50-mm-e-spiral-stand-6-10-m-e-next,new,,,https://001.com.ua/media/photos/enext/spiral/enext-spiralnaya-obvyazka-e-spiral-stand-6-s2038001-photo.jpg ;; https://001.com.ua/media/photos/enext/spiral/gabaritnye-razmery-enext-spiralnaya-obvyazka-e-spiral-stand-6-s2038001-photo.jpg,"Спиральная обвязка для провода ∅4-50 мм e.spiral.stand.6 (10 м), E.NEXT",Спираль монтажная,E.NEXT,s2038001,s2038001,instock,1,12,"39,69","Спиральная обвязка для провода ∅4-50 мм e.spiral.stand.6 (10 м), E.NEXT","<h2>Описание товара</h2><p>Обвязка кабельная предназначена для бандажирования нескольких проводов в жгут, с целью более упорядоченного, экономичного размещения.</p><p>Упакована в рулоны по 10 м.</p> <h2>Технические характеристики</h2><table><tbody><tr><td>Диаметр обвязываемого жгута, мм</td><td>4-50</td></tr><tr><td>Цвет</td><td>белый</td></tr></tbody></table>","Спіральна обв'язка для проводу ∅4-50 мм e.spiral.stand.6 (10 м), E.NEXT","<h2>Опис товару</h2><p>Обв'язка кабельна призначена для бандажування декількох проводів в джгут, з метою більш упорядкованого, економічного розміщення.</p><p>Упакована в рулони по 10 м.</p> <h2>Технічні характеристики</h2><table><tbody><tr><td>Діаметр обв'язуваного джгута, мм</td><td>4-50</td></tr><tr><td>Колір</td><td>білий</td></tr></tbody></table>",Русский ~ Спираль монтажная,Русский ~ 4-50,Русский ~ Белый
https://001.com.ua/spiral-montazhnaya-sm-06-04-upakovka-10-m-iek,new,,,https://001.com.ua/media/photos/iek/montazh/iek-spiral-montazhnaya-sm-photo.jpg ;; https://001.com.ua/media/photos/iek/montazh/gabaritnye-razmery-iek-sm-06-04-photo.jpg,"Спираль монтажная СМ-06-04 (упаковка 10 м), IEK",Спираль монтажная,IEK,USWB-D06-10,USWB-D06-10,outofstock,1,12,"45,13","Спираль монтажная СМ-06-04 (упаковка 10 м), IEK","<h2>Описание товара</h2><p>Предназначена для объединения электрических кабелей в трассы, вязки в жгуты, разводки проводов, а также защиты кабелей от трения и механических повреждений. Спираль позволяет аккуратно и надежно скреплять проводку внутри кабельных каналов, металлических лотков и распределительных шкафов. Спираль монтажная типа СМ производится из полиэтилена высокого давления с добавлением компонентов, препятствующих горению.</p> <h2>Технические характеристики</h2><table><tbody><tr><td>Диаметр обвязываемого жгута, мм</td><td>4-50</td></tr><tr><td>Цвет</td><td>белый</td></tr></tbody></table>","Спіраль монтажна СМ-06-04 (упаковка 10 м), IEK","<h2>Опис товару</h2><p>Призначена для об'єднання електричних кабелів в траси, в'язки в джгути, розведення проводів, а також захисту кабелів від тертя і механічних пошкоджень. Спіраль дозволяє акуратно і надійно скріпляти проводку всередині кабельних каналів, металевих лотків і розподільних шаф. Спіраль монтажна типу СМ виробляється з поліетилену високого тиску з додаванням компонентів, що перешкоджають горінню.</p> <h2>Технічні характеристики</h2><table><tbody><tr><td>Діаметр обв'язуваного джгута, мм</td><td>4-50</td></tr><tr><td>Колір</td><td>білий</td></tr></tbody></table>",Русский ~ Спираль монтажная,Русский ~ 4-50,Русский ~ Белый
https://001.com.ua/spiral-montazhnaya-sm-08-06-upakovka-10-m-iek,new,,,https://001.com.ua/media/photos/iek/montazh/iek-spiral-montazhnaya-sm-photo.jpg ;; https://001.com.ua/media/photos/iek/montazh/gabaritnye-razmery-iek-sm-08-06-photo.jpg,"Спираль монтажная СМ-08-06 (упаковка 10 м), IEK",Спираль монтажная,IEK,USWB-D08-10,USWB-D08-10,outofstock,1,12,"60,48","Спираль монтажная СМ-08-06 (упаковка 10 м), IEK","<h2>Описание товара</h2><p>Предназначена для объединения электрических кабелей в трассы, вязки в жгуты, разводки проводов, а также защиты кабелей от трения и механических повреждений. Спираль позволяет аккуратно и надежно скреплять проводку внутри кабельных каналов, металлических лотков и распределительных шкафов. Спираль монтажная типа СМ производится из полиэтилена высокого давления с добавлением компонентов, препятствующих горению.</p> <h2>Технические характеристики</h2><table><tbody><tr><td>Диаметр обвязываемого жгута, мм</td><td>6-60</td></tr><tr><td>Цвет</td><td>белый</td></tr></tbody></table>","Спіраль монтажна СМ-08-06 (упаковка 10 м), IEK","<h2>Опис товару</h2><p>Призначена для об'єднання електричних кабелів в траси, в'язки в джгути, розведення проводів, а також захисту кабелів від тертя і механічних пошкоджень. Спіраль дозволяє акуратно і надійно скріпляти проводку всередині кабельних каналів, металевих лотків і розподільних шаф. Спіраль монтажна типу СМ виробляється з поліетилену високого тиску з додаванням компонентів, що перешкоджають горінню.</p> <h2>Технічні характеристики</h2><table><tbody><tr><td>Діаметр обв'язуваного джгута, мм</td><td>6-60</td></tr><tr><td>Колір</td><td>білий</td></tr></tbody></table>",Русский ~ Спираль монтажная,Русский ~ 6-60,Русский ~ Белый
https://001.com.ua/spiral-montazhnaya-sm-10-7-5-upakovka-10-m-iek,new,,,https://001.com.ua/media/photos/iek/montazh/iek-spiral-montazhnaya-sm-photo.jpg ;; https://001.com.ua/media/photos/iek/montazh/gabaritnye-razmery-iek-sm-10-7-5-photo.jpg,"Спираль монтажная СМ-10-7,5 (упаковка 10 м), IEK",Спираль монтажная,IEK,USWB-D10-10,USWB-D10-10,outofstock,1,12,"88,13","Спираль монтажная СМ-10-7,5 (упаковка 10 м), IEK","<h2>Описание товара</h2><p>Предназначена для объединения электрических кабелей в трассы, вязки в жгуты, разводки проводов, а также защиты кабелей от трения и механических повреждений. Спираль позволяет аккуратно и надежно скреплять проводку внутри кабельных каналов, металлических лотков и распределительных шкафов. Спираль монтажная типа СМ производится из полиэтилена высокого давления с добавлением компонентов, препятствующих горению.</p> <h2>Технические характеристики</h2><table><tbody><tr><td>Диаметр обвязываемого жгута, мм</td><td>8-60</td></tr><tr><td>Цвет</td><td>белый</td></tr></tbody></table>","Спіраль монтажна СМ-10-7,5 (упаковка 10 м), IEK","<h2>Опис товару</h2><p>Призначена для об'єднання електричних кабелів в траси, в'язки в джгути, розведення проводів, а також захисту кабелів від тертя і механічних пошкоджень. Спіраль дозволяє акуратно і надійно скріпляти проводку всередині кабельних каналів, металевих лотків і розподільних шаф. Спіраль монтажна типу СМ виробляється з поліетилену високого тиску з додаванням компонентів, що перешкоджають горінню.</p> <h2>Технічні характеристики</h2><table><tbody><tr><td>Діаметр обв'язуваного джгута, мм</td><td>8-60</td></tr><tr><td>Колір</td><td>білий</td></tr></tbody></table>",Русский ~ Спираль монтажная,Русский ~ 8-60,Русский ~ Белый
https://001.com.ua/spiral-montazhnaya-sm-12-09-upakovka-10-m-iek,new,,,https://001.com.ua/media/photos/iek/montazh/iek-spiral-montazhnaya-sm-photo.jpg ;; https://001.com.ua/media/photos/iek/montazh/gabaritnye-razmery-iek-sm-12-09-photo.jpg,"Спираль монтажная СМ-12-09 (упаковка 10 м), IEK",Спираль монтажная,IEK,USWB-D12-10,USWB-D12-10,outofstock,1,12,"110,37","Спираль монтажная СМ-12-09 (упаковка 10 м), IEK","<h2>Описание товара</h2><p>Предназначена для объединения электрических кабелей в трассы, вязки в жгуты, разводки проводов, а также защиты кабелей от трения и механических повреждений. Спираль позволяет аккуратно и надежно скреплять проводку внутри кабельных каналов, металлических лотков и распределительных шкафов. Спираль монтажная типа СМ производится из полиэтилена высокого давления с добавлением компонентов, препятствующих горению.</p> <h2>Технические характеристики</h2><table><tbody><tr><td>Диаметр обвязываемого жгута, мм</td><td>9-65</td></tr><tr><td>Цвет</td><td>белый</td></tr></tbody></table>","Спіраль монтажна СМ-12-09 (упаковка 10 м), IEK","<h2>Опис товару</h2><p>Призначена для об'єднання електричних кабелів в траси, в'язки в джгути, розведення проводів, а також захисту кабелів від тертя і механічних пошкоджень. Спіраль дозволяє акуратно і надійно скріпляти проводку всередині кабельних каналів, металевих лотків і розподільних шаф. Спіраль монтажна типу СМ виробляється з поліетилену високого тиску з додаванням компонентів, що перешкоджають горінню.</p> <h2>Технічні характеристики</h2><table><tbody><tr><td>Діаметр обв'язуваного джгута, мм</td><td>9-65</td></tr><tr><td>Колір</td><td>білий</td></tr></tbody></table>",Русский ~ Спираль монтажная,Русский ~ 9-65,Русский ~ Белый
https://001.com.ua/spiral-montazhnaya-sm-15-12-upakovka-10-m-iek,new,,,https://001.com.ua/media/photos/iek/montazh/iek-spiral-montazhnaya-sm-photo.jpg ;; https://001.com.ua/media/photos/iek/montazh/gabaritnye-razmery-iek-sm-15-12-photo.jpg,"Спираль монтажная СМ-15-12 (упаковка 10 м), IEK",Спираль монтажная,IEK,USWB-D15-10,USWB-D15-10,outofstock,1,12,"163,94","Спираль монтажная СМ-15-12 (упаковка 10 м), IEK","<h2>Описание товара</h2><p>Предназначена для объединения электрических кабелей в трассы, вязки в жгуты, разводки проводов, а также защиты кабелей от трения и механических повреждений. Спираль позволяет аккуратно и надежно скреплять проводку внутри кабельных каналов, металлических лотков и распределительных шкафов. Спираль монтажная типа СМ производится из полиэтилена высокого давления с добавлением компонентов, препятствующих горению.</p> <h2>Технические характеристики</h2><table><tbody><tr><td>Диаметр обвязываемого жгута, мм</td><td>12-75</td></tr><tr><td>Цвет</td><td>белый</td></tr></tbody></table>","Спіраль монтажна СМ-15-12 (упаковка 10 м), IEK","<h2>Опис товару</h2><p>Призначена для об'єднання електричних кабелів в траси, в'язки в джгути, розведення проводів, а також захисту кабелів від тертя і механічних пошкоджень. Спіраль дозволяє акуратно і надійно скріпляти проводку всередині кабельних каналів, металевих лотків і розподільних шаф. Спіраль монтажна типу СМ виробляється з поліетилену високого тиску з додаванням компонентів, що перешкоджають горінню.</p> <h2>Технічні характеристики</h2><table><tbody><tr><td>Діаметр обв'язуваного джгута, мм</td><td>12-75</td></tr><tr><td>Колір</td><td>білий</td></tr></tbody></table>",Русский ~ Спираль монтажная,Русский ~ 12-75,Русский ~ Белый
https://001.com.ua/spiral-montazhnaya-sm-19-15-upakovka-10-m-iek,new,,,https://001.com.ua/media/photos/iek/montazh/iek-spiral-montazhnaya-sm-photo.jpg ;; https://001.com.ua/media/photos/iek/montazh/gabaritnye-razmery-iek-sm-19-15-photo.jpg,"Спираль монтажная СМ-19-15 (упаковка 10 м), IEK",Спираль монтажная,IEK,USWB-D19-10,USWB-D19-10,outofstock,1,12,"233,13","Спираль монтажная СМ-19-15 (упаковка 10 м), IEK","<h2>Описание товара</h2><p>Предназначена для объединения электрических кабелей в трассы, вязки в жгуты, разводки проводов, а также защиты кабелей от трения и механических повреждений. Спираль позволяет аккуратно и надежно скреплять проводку внутри кабельных каналов, металлических лотков и распределительных шкафов. Спираль монтажная типа СМ производится из полиэтилена высокого давления с добавлением компонентов, препятствующих горению.</p> <h2>Технические характеристики</h2><table><tbody><tr><td>Диаметр обвязываемого жгута, мм</td><td>15-100</td></tr><tr><td>Цвет</td><td>белый</td></tr></tbody></table>","Спіраль монтажна СМ-19-15 (упаковка 10 м), IEK","<h2>Опис товару</h2><p>Призначена для об'єднання електричних кабелів в траси, в'язки в джгути, розведення проводів, а також захисту кабелів від тертя і механічних пошкоджень. Спіраль дозволяє акуратно і надійно скріпляти проводку всередині кабельних каналів, металевих лотків і розподільних шаф. Спіраль монтажна типу СМ виробляється з поліетилену високого тиску з додаванням компонентів, що перешкоджають горінню.</p> <h2>Технічні характеристики</h2><table><tbody><tr><td>Діаметр обв'язуваного джгута, мм</td><td>15-100</td></tr><tr><td>Колір</td><td>білий</td></tr></tbody></table>",Русский ~ Спираль монтажная,Русский ~ 15-100,Русский ~ Белый
https://001.com.ua/spiral-montazhnaya-sm-24-20-upakovka-10-m-iek,new,,,https://001.com.ua/media/photos/iek/montazh/iek-spiral-montazhnaya-sm-photo.jpg ;; https://001.com.ua/media/photos/iek/montazh/gabaritnye-razmery-iek-sm-24-20-photo.jpg,"Спираль монтажная СМ-24-20 (упаковка 10 м), IEK",Спираль монтажная,IEK,USWB-D24-10,USWB-D24-10,outofstock,1,12,"364,76","Спираль монтажная СМ-24-20 (упаковка 10 м), IEK","<h2>Описание товара</h2><p>Предназначена для объединения электрических кабелей в трассы, вязки в жгуты, разводки проводов, а также защиты кабелей от трения и механических повреждений. Спираль позволяет аккуратно и надежно скреплять проводку внутри кабельных каналов, металлических лотков и распределительных шкафов. Спираль монтажная типа СМ производится из полиэтилена высокого давления с добавлением компонентов, препятствующих горению.</p> <h2>Технические характеристики</h2><table><tbody><tr><td>Диаметр обвязываемого жгута, мм</td><td>20-130</td></tr><tr><td>Цвет</td><td>белый</td></tr></tbody></table>","Спіраль монтажна СМ-24-20 (упаковка 10 м), IEK","<h2>Опис товару</h2><p>Призначена для об'єднання електричних кабелів в траси, в'язки в джгути, розведення проводів, а також захисту кабелів від тертя і механічних пошкоджень. Спіраль дозволяє акуратно і надійно скріпляти проводку всередині кабельних каналів, металевих лотків і розподільних шаф. Спіраль монтажна типу СМ виробляється з поліетилену високого тиску з додаванням компонентів, що перешкоджають горінню.</p> <h2>Технічні характеристики</h2><table><tbody><tr><td>Діаметр обв'язуваного джгута, мм</td><td>20-130</td></tr><tr><td>Колір</td><td>білий</td></tr></tbody></table>",Русский ~ Спираль монтажная,Русский ~ 20-130,Русский ~ Белый
https://001.com.ua/spiralnaya-obvyazka-dlya-provoda-empty-15-100-mm-swb-19-chernaya-10-m-asko-ukrem,new,,,https://001.com.ua/media/photos/asko/montazh/asko-spiralnaya-obvyazka-dlya-provoda-black-photo.jpg,"Спиральная обвязка для провода ∅15-100 мм SWB-19 черная (10 м), АСКО-УКРЕМ",Спираль монтажная,АСКО-УКРЕМ,A0150070015,A0150070015,outofstock,1,12,"211,07","Спиральная обвязка для провода ∅15-100 мм SWB-19 черная (10 м), АСКО-УКРЕМ","<h2>Описание товара</h2><p>Предназначена для оперативной увязки проводов в жгут.</p> <h2>Технические характеристики</h2><table><tbody><tr><td>Внутренний диаметр ∅d, мм</td><td>15</td></tr><tr><td>Наружный диаметр ∅D, мм</td><td>19</td></tr><tr><td>Ширина обвязки W, мм</td><td>21</td></tr><tr><td>Диаметр провода, мм</td><td>15-100</td></tr><tr><td>Длина L, м</td><td>10</td></tr></tbody></table> ","Спіральна обв'язка для проводу ∅15-100 мм SWB-19 чорна (10 м), АСКО-УКРЕМ","<h2>Опис товару</h2><p>Призначена для оперативної ув'язки проводів в джгут.</p> <h2>Технічні характеристики</h2><table><tbody><tr><td>Внутрішній діаметр ∅d, мм</td><td>15</td></tr><tr><td>Зовнішній діаметр ∅D, мм</td><td>19</td></tr><tr><td>Ширина обв'язки W, мм</td><td>21</td></tr><tr><td>Діаметр проводу, мм</td><td>15-100</td></tr><tr><td>Довжина L, м</td><td>10</td></tr></tbody></table> ",Русский ~ Спираль монтажная,Русский ~ 15-100,Русский ~ Черный
https://001.com.ua/spiralnaya-obvyazka-dlya-provoda-empty-9-65-mm-e-spiral-stand-12-10-m-e-next,new,,,https://001.com.ua/media/photos/enext/spiral/enext-spiralnaya-obvyazka-e-spiral-stand-12-s2038004-photo.jpg ;; https://001.com.ua/media/photos/enext/spiral/gabaritnye-razmery-enext-spiralnaya-obvyazka-e-spiral-stand-12-s2038004-photo.jpg,"Спиральная обвязка для провода ∅9-65 мм e.spiral.stand.12 (10 м), E.NEXT",Спираль монтажная,E.NEXT,s2038004,s2038004,outofstock,1,12,"101,38","Спиральная обвязка для провода ∅9-65 мм e.spiral.stand.12 (10 м), E.NEXT","<h2>Описание товара</h2><p>Обвязка кабельная предназначена для бандажирования нескольких проводов в жгут, с целью более упорядоченного, экономичного размещения.</p><p>Упакована в рулоны по 10 м.</p> <h2>Технические характеристики</h2><table><tbody><tr><td>Диаметр обвязываемого жгута, мм</td><td>9-65</td></tr><tr><td>Цвет</td><td>белый</td></tr></tbody></table>","Спіральна обв'язка для проводу ∅9-65 мм e.spiral.stand.12 (10 м), E.NEXT","<h2>Опис товару</h2><p>Обв'язка кабельна призначена для бандажування декількох проводів в джгут, з метою більш упорядкованого, економічного розміщення.</p><p>Упакована в рулони по 10 м.</p> <h2>Технічні характеристики</h2><table><tbody><tr><td>Діаметр обв'язуваного джгута, мм</td><td>9-65</td></tr><tr><td>Колір</td><td>білий</td></tr></tbody></table>",Русский ~ Спираль монтажная,Русский ~ 9-65,Русский ~ Белый
https://001.com.ua/spiralnaya-obvyazka-dlya-provoda-empty-26-150-mm-e-spiral-stand-30-10-m-e-next,new,,,https://001.com.ua/media/photos/enext/spiral/enext-spiralnaya-obvyazka-e-spiral-stand-30-s2038009-photo.jpg ;; https://001.com.ua/media/photos/enext/spiral/gabaritnye-razmery-enext-spiralnaya-obvyazka-e-spiral-stand-30-s2038009-photo.jpg,"Спиральная обвязка для провода ∅26-150 мм e.spiral.stand.30 (10 м), E.NEXT",Спираль монтажная,E.NEXT,s2038009,s2038009,outofstock,1,12,"456,57","Спиральная обвязка для провода ∅26-150 мм e.spiral.stand.30 (10 м), E.NEXT","<h2>Описание товара</h2><p>Обвязка кабельная предназначена для бандажирования нескольких проводов в жгут, с целью более упорядоченного, экономичного размещения.</p><p>Упакована в рулоны по 10 м.</p> <h2>Технические характеристики</h2><table><tbody><tr><td>Диаметр обвязываемого жгута, мм</td><td>26-150</td></tr><tr><td>Цвет</td><td>белый</td></tr></tbody></table>","Спіральна обв'язка для проводу ∅26-150 мм e.spiral.stand.30 (10 м), E.NEXT","<h2>Опис товару</h2><p>Обв'язка кабельна призначена для бандажування декількох проводів в джгут, з метою більш упорядкованого, економічного розміщення.</p><p>Упакована в рулони по 10 м.</p> <h2>Технічні характеристики</h2><table><tbody><tr><td>Діаметр обв'язуваного джгута, мм</td><td>26-150</td></tr><tr><td>Колір</td><td>білий</td></tr></tbody></table>",Русский ~ Спираль монтажная,Русский ~ 26-150,Русский ~ Белый
