URL,product_id,Русский slug,Украинский slug,images,item_name,category_name,manufacturer_name,sku,model,stock_status,is_active,warranty,price,Русский title,Русский description,Украинский title,Украинский description,Тип,Способ измерения,Измеряемые параметры
https://001.com.ua/otvertka-probnik-op-2e-iek,new,,,https://001.com.ua/media/photos/iek/instrument/iek-otvertka-probnik-op-2e-photo.jpg ;; https://001.com.ua/media/photos/iek/instrument/gabaritnye-razmery-iek-op-2e-photo.jpg,"Отвертка-пробник ОП-2э, IEK",Контрольно-измерительный инструмент,IEK,TPR20,TPR20,instock,1,12,"103,71","Отвертка-пробник ОП-2э, IEK","<h2>Описание товара</h2><p>Отвертки ОП-1 и ОП-2э - это новое поколение современных, эффективных устройств, позволяющих быстро и безопасно проверять следующие параметры: напряжение переменного и постоянного тока, полярность, целостность цепи.</p> <h2>Технические характеристики</h2><table><tbody><tr><td rowspan=""2"">Диапазон рабочих температур, °С</td><td rowspan=""2"">Частота тока сети, Гц</td><td colspan=""5"">Проверяемые параметры</td></tr><tr><td>Переменное напряжение, В</td><td>Постоянное напряжение, В</td><td>Определение полярности, В (пост. ток)</td><td>Проверка целостности цепи, МОм</td><td>Индикация плотности электромагнитного напряжения, мВт/см<sup>2</sup></td></tr><tr><td>-10 ÷ +50</td><td>50÷500</td><td>Контактный метод 70÷250; бесконтактный — 70÷10000</td><td>до 250</td><td>1,2—36</td><td>«О» = 0—5 <br/> «L» = 0—50 <br/> «Н» = 0—100</td><td><br/> «L» = 5 <br/> «Н» = 2</td></tr></tbody></table> ","Викрутка-тестер ОП-2э, IEK","<h2>Опис товару</h2><p>Викрутки ОП-1 і ОП-2э - це нове покоління сучасних, ефективних пристроїв, що дозволяють швидко і безпечно перевіряти наступні параметри: напруга змінного і постійного струму, полярність, цілісність кола.</p> <h2>Технічні характеристики</h2><table><tbody><tr><td rowspan=""2"">Діапазон робочих температур, °С</td><td rowspan=""2"">Частота струму мережі, Гц</td><td colspan=""5"">Перевірювані параметри</td></tr><tr><td>Змінна напруга, В</td><td>Постійна напруга, В</td><td>Визначення полярності, В (пост. струм)</td><td>Перевірка цілісності кола, МОм</td><td>Індикатор щільності електромагнітної напруги, мВт/см<sup>2</sup></td></tr><tr><td>-10 ÷ +50</td><td>50÷500</td><td>Контактний метод 70÷250; безконтактний — 70÷10000</td><td>до 250</td><td>1,2—36</td><td>«O»=0—5<br/>«L»=0—50<br/>«Н»=0—100</td><td>«L»=5<br/>«Н»=2</td></tr></tbody></table> ",Русский ~ Отвертка-пробник шлицевая,Русский ~ Безконтактный ;; Русский ~ контактный,Русский ~ Напряжение переменного тока ;; Русский ~ напряжение постоянного тока ;; Русский ~ плотность электромагнитного напряжения ;; Русский ~ полярность напряжения постоянного тока ;; Русский ~ целостность цепи
https://001.com.ua/multimetr-kleschi-tsifrovoy-1000a-e-tool-multitest-02-e-next,new,,,https://001.com.ua/media/photos/enext/tools/enext-multimetr-e-tool-multitest-02-p0470021-photo.jpg ;; https://001.com.ua/media/photos/enext/tools/gabaritnye-razmery-enext-multimetr-e-tool-multitest-02-p0470021-photo.jpg,"Мультиметр-клещи цифровой 1000А e.tool.multitest.02, E.NEXT",Контрольно-измерительный инструмент,E.NEXT,p0470021,p0470021,instock,1,12,"770,98","Мультиметр-клещи цифровой 1000А e.tool.multitest.02, E.NEXT","<h2>Описание товара</h2><p>Предназначен для измерения постоянного и переменного напряжения, переменного тока, сопротивления. Изделие предназначено для бытового и аналогичного применения.</p><h3>Комплектность</h3><ul><li>мультиметр цифровой серии e.tool.multitest.02 – 1 шт.;</li><li>упаковочная коробка – 1 шт.;</li><li>инструкция по эксплуатации – 1 шт.;</li><li>элемент питания в комплекте не идет</li></ul> <h2>Технические характеристики</h2><table><tbody><tr><td>Максимальное напряжение между терминалом и землей, В</td><td>1000</td></tr><tr><td>Максимум дисплея</td><td>1999</td></tr><tr><td>Пределы измерения постоянного напряжения, В</td><td>1-1000</td></tr><tr><td>Точность измерения постоянного напряжения, %</td><td>±1</td></tr><tr><td>Пределы измерения переменного напряжения, В</td><td>1-750</td></tr><tr><td>Точность измерения переменного напряжения, %</td><td>±1,5</td></tr><tr><td>Пределы измерения сопротивления, Ом</td><td>0,1-2×10<sup>3</sup></td></tr><tr><td>Точность измерения сопротивления, %</td><td>1,2</td></tr><tr><td>Диодный тест / тест проводимости</td><td>1 мВ/0,1 Ом</td></tr><tr><td>Пределы измерения переменного тока, А</td><td>0,01-1000</td></tr><tr><td>Точность измерения сопротивления, %</td><td>2</td></tr><tr><td>Элемент питания</td><td>6F22, 9В (Крона)</td></tr><tr><td>Масса, г, не более</td><td>335</td></tr><tr><td>Диапазон рабочих температур, °C</td><td>0...+40</td></tr><tr><td>Группа условий эксплуатации в части воздействия механических факторов</td><td>М1</td></tr><tr><td>Высота над уровнем моря, м, не более</td><td>2000</td></tr><tr><td>Допустимая относительная влажность при 25°C (без конденсации), не более</td><td>80%</td></tr><tr><td>Рабочее положение в пространстве</td><td>произвольное</td></tr></tbody></table> ","Мультиметр-кліщі цифровий 1000А e.tool.multitest.02, E.NEXT","<h2>Опис товару</h2><p>Призначений для вимірювання постійної і змінної напруги, змінного струму, опору. Виріб призначений для побутового та аналогічного застосування.</p><h3>Комплектність</h3><ul><li>мультиметр цифровий серії e.tool.multitest.02 – 1 шт.;</li><li>пакувальна коробка – 1 шт.;</li><li>інструкція з експлуатації – 1 шт.;</li><li>елемент живлення в комплекті не йде</li></ul> <h2>Технічні характеристики</h2><table><tbody><tr><td>Максимальна напруга між терміналом і землею, В</td><td>1000</td></tr><tr><td>Максимум дисплея</td><td>1999</td></tr><tr><td>Межі вимірювання постійної напруги, В</td><td>1-1000</td></tr><tr><td>Точність вимірювання постійної напруги, %</td><td>±1</td></tr><tr><td>Межі вимірювання змінної напруги, В</td><td>1-750</td></tr><tr><td>Точність вимірювання змінної напруги, %</td><td>±1,5</td></tr><tr><td>Межі вимірювання опору, Ом</td><td>0,1-2×10<sup>3</sup></td></tr><tr><td>Точність вимірювання опору, %</td><td>1,2</td></tr><tr><td>Діодний тест / тест провідності</td><td>1 мВ/0,1 Ом</td></tr><tr><td>Межі вимірювання змінного струму, А</td><td>0,01-1000</td></tr><tr><td>Точність вимірювання опору, %</td><td>2</td></tr><tr><td>Елемент живлення</td><td>6F22, 9В (Крона)</td></tr><tr><td>Маса, г, не більше</td><td>335</td></tr><tr><td>Діапазон робочих температур, °C</td><td>0...+40</td></tr><tr><td>Група умов експлуатації в частині впливу механічних факторів</td><td>М1</td></tr><tr><td>Висота над рівнем моря, м, не більше</td><td>2000</td></tr><tr><td>Допустима відносна вологість при 25 °C (без конденсації), не більше</td><td>80%</td></tr><tr><td>Робоче положення в просторі</td><td>довільне</td></tr></tbody></table> ",Русский ~ Мультиметр,Русский ~ Контактный,Русский ~ Напряжение переменного тока ;; Русский ~ напряжение постоянного тока ;; Русский ~ постоянный ток ;; Русский ~ сопротивление
https://001.com.ua/otvertka-probnik-op-1-iek,new,,,https://001.com.ua/media/photos/iek/instrument/iek-otvertka-probnik-op-1-photo.jpg ;; https://001.com.ua/media/photos/iek/instrument/gabaritnye-razmery-iek-op-1-photo.jpg,"Отвертка-пробник ОП-1, IEK",Контрольно-измерительный инструмент,IEK,TPR10,TPR10,instock,1,12,"57,62","Отвертка-пробник ОП-1, IEK","<h2>Описание товара</h2><p>Отвертки ОП-1 и ОП-2э - это новое поколение современных, эффективных устройств, позволяющих быстро и безопасно проверять следующие параметры: напряжение переменного и постоянного тока, полярность, целостность цепи.</p> <h2>Технические характеристики</h2><table><tbody><tr><td rowspan=""2"">Диапазон рабочих температур, °С</td><td rowspan=""2"">Частота тока сети, Гц</td><td colspan=""5"">Проверяемые параметры</td></tr><tr><td>Переменное напряжение, В</td><td>Постоянное напряжение, В</td><td>Определение полярности, В (пост. ток)</td><td>Проверка целостности цепи, МОм</td><td>Индикация плотности электромагнитного напряжения, мВт/см<sup>2</sup></td></tr><tr><td>-10 ÷ +50</td><td>50÷500</td><td>Контактный метод 70÷250; бесконтактный — 70÷600</td><td> —</td><td>1,5—36</td><td>0-50</td><td>&gt; 5</td></tr></tbody></table> ","Викрутка-тестер ОП-1, IEK","<h2>Опис товару</h2><p>Викрутки ОП-1 і ОП-2э - це нове покоління сучасних, ефективних пристроїв, що дозволяють швидко і безпечно перевіряти наступні параметри: напруга змінного і постійного струму, полярність, цілісність кола.</p> <h2>Технічні характеристики</h2><table><tbody><tr><td rowspan=""2"">Діапазон робочих температур, °С</td><td rowspan=""2"">Частота струму мережі, Гц</td><td colspan=""5"">Перевірювані параметри</td></tr><tr><td>Змінна напруга, В</td><td>Постійна напруга, В</td><td>Визначення полярності, В (пост. струм)</td><td>Перевірка цілісності кола, МОм</td><td>Індикатор щільності електромагнітної напруги, мВт/см<sup>2</sup></td></tr><tr><td>-10 ÷ +50</td><td>50÷500</td><td>Контактний метод 70÷250; безконтактний — 70÷600</td><td>—</td><td>1,5—36</td><td>0-50</td><td>&gt; 5</td></tr></tbody></table> ",Русский ~ Отвертка-пробник шлицевая,Русский ~ Безконтактный ;; Русский ~ контактный,Русский ~ Напряжение переменного тока ;; Русский ~ плотность электромагнитного напряжения ;; Русский ~ полярность напряжения постоянного тока ;; Русский ~ целостность цепи
https://001.com.ua/indikator-otvertka-ac100-500v-pryamoy-shlits-4-mm-e-tool-test04-e-next,new,,,https://001.com.ua/media/photos/enext/tools/enext-indicator-otvertka-e-tool-test04-t001104-photo.jpg ;; https://001.com.ua/media/photos/enext/tools/gabaritnye-razmery-enext-indicator-e-tool-test04-t001104-photo.jpg,"Индикатор-отвертка AC100-500В прямой шлиц (4 мм) e.tool.test04, E.NEXT",Контрольно-измерительный инструмент,E.NEXT,t001104,t001104,instock,1,12,"24,61","Индикатор-отвертка AC100-500В прямой шлиц (4 мм) e.tool.test04, E.NEXT","<h2>Описание товара</h2><ul><li>Отвертка-индикатор AC 100-500В</li><li>Материал жала: сталь CRV</li><li>Шлиц: прямой 4 мм</li><li>Измерение: контактное</li></ul> <h2>Технические характеристики</h2><table><tbody><tr><td>Длина, мм</td><td>190</td></tr><tr><td>Зажим для кармана</td><td>нет</td></tr></tbody></table> ","Індикатор-викрутка AC100-500В прямий шліц (4 мм) e.tool.test04, E.NEXT","<h2>Опис товару</h2><ul><li>Викрутка-індикатор AC 100-500В</li><li>Матеріал жала: сталь CRV</li><li>Шліц: прямий 4 мм</li><li>Вимірювання: контактне</li></ul> <h2>Технічні характеристики</h2><table><tbody><tr><td>Довжина, мм</td><td>190</td></tr><tr><td>Затискач для кишені</td><td>немає</td></tr></tbody></table> ",Русский ~ Отвертка-пробник шлицевая,Русский ~ Контактный,Русский ~ Напряжение переменного тока
https://001.com.ua/indikator-ac-dc6-380v-dvuhpolyusnyy-185-mm-e-tool-test11-e-next,new,,,https://001.com.ua/media/photos/enext/tools/enext-indicator-e-tool-test11-t001111-photo.jpg ;; https://001.com.ua/media/photos/enext/tools/gabaritnye-razmery-enext-indicator-e-tool-test11-t001111-photo.jpg,"Индикатор AC/DC6-380В двухполюсный (185 мм) e.tool.test11, E.NEXT",Контрольно-измерительный инструмент,E.NEXT,t001111,t001111,instock,1,12,"214,40","Индикатор AC/DC6-380В двухполюсный (185 мм) e.tool.test11, E.NEXT","<h2>Описание товара</h2><ul><li>Индикатор AC/DC 6-380В</li><li>Измерение: контактное</li></ul> <h2>Технические характеристики</h2><table><tbody><tr><td>Длина, мм</td><td>185</td></tr><tr><td>Зажим для кармана</td><td>нет</td></tr></tbody></table> ","Індикатор AC/DC6-380В двополюсний (185 мм) e.tool.test11, E.NEXT","<h2>Опис товару</h2><ul><li>Індикатор AC/DC 6-380В</li><li>Вимірювання: контактне</li></ul> <h2>Технічні характеристики</h2><table><tbody><tr><td>Довжина, мм</td><td>185</td></tr><tr><td>Затискач для кишені</td><td>немає</td></tr></tbody></table> ",Русский ~ Индикатор напряжения,Русский ~ Контактный,Русский ~ Напряжение переменного тока ;; Русский ~ напряжение постоянного тока
https://001.com.ua/megaommetr-tsifrovoy-s-funktsiey-multimetra-e-tool-multitest-04-e-next,new,,,https://001.com.ua/media/photos/enext/tools/enext-megaommetr-multimetr-e-tool-multitest-04-p0470023-photo.jpg,"Мегаомметр цифровой с функцией мультиметра e.tool.multitest.04, E.NEXT",Контрольно-измерительный инструмент,E.NEXT,p0470023,p0470023,instock,1,12,"3 301,39","Мегаомметр цифровой с функцией мультиметра e.tool.multitest.04, E.NEXT","<h2>Описание товара</h2><p>Прибор предназначен для бытового измерения напряжения, частоты, тока и сопротивления изоляции проводников.</p><h3>Комплектность</h3><ul><li>мегаомметр — 1 шт.;</li><li>измерительные щупы — 3 шт.;</li><li>изолированные зажимы к щупам — 3 шт.;</li><li>инструкция — 1 шт.;</li><li>сумка — 1 шт.;</li><li>ремень для мегаомметра — 1 шт.;</li><li>упаковка — 1 шт.</li></ul> <h2>Технические характеристики</h2><table><tbody><tr><td>Частота измерения, изм/с</td><td>2</td></tr><tr><td>Мощность потребления, Вт</td><td>0,018-4,5</td></tr><tr><td>Источники питания</td><td>Батарейка АА 1,5В — 6 шт.</td></tr><tr><td>Габариты, мм</td><td>170×156×64</td></tr><tr><td>Масса, (включая источники питания) г</td><td>650</td></tr></tbody></table><h3>Мегаомметр</h3><p><strong>Измерительные величины<br/></strong></p><table><tbody><tr><td>Напряжение испытания, В</td><td>Предел измерения, МОм</td></tr><tr><td>250</td><td>0,25-400</td></tr><tr><td>500</td><td>0,5-4000</td></tr><tr><td>1000</td><td>1,5-40000</td></tr></tbody></table><p><strong>Дискретность значения на дисплее<br/></strong></p><table><tbody><tr><td>Напряжение испытания, В</td><td>Значение на дисплее, МОм</td><td>Точность, кОм</td></tr><tr><td>250</td><td>4/40/400</td><td>1/10/100</td></tr><tr><td>500</td><td>4/40/400/4000</td><td>1/10/100/1000</td></tr><tr><td>1000</td><td>40/400/4000/40000</td><td>10/100/1000/10000</td></tr></tbody></table><p><strong>Характеристики измерительных терминалов<br/></strong></p><table><tbody><tr><td>Напряжение испытания, В</td><td>Допустимое значение напряжения разомкнутой цепи, В</td><td>Минимальная величина сопротивления в зависимости от напряжения испытания, МОм</td><td>Ток испытания, не более мА</td></tr><tr><td>250</td><td rowspan=""3"">90-110% от напряжения испытания</td><td>0,25 (на дисплее ERR, если сопротивление меньше 0,2)</td><td rowspan=""3"">1,5</td></tr><tr><td>500</td><td>0,5 (на дисплее ERR, если сопротивление меньше 0,4)</td></tr><tr><td>1000</td><td>1,5 (на дисплее ERR, если сопротивление меньше 1)</td></tr></tbody></table><h3>Мультиметр</h3><table><tbody><tr><td>Параметр</td><td>Значение</td><td>Погрешность</td><td>Дискретность</td><td>Примечание</td></tr><tr><td rowspan=""5"">Постоянное напряжение</td><td>0,4 В</td><td rowspan=""4"">±(0,5%+5ед. счета)</td><td>0,1 мВ</td><td rowspan=""5"">Входное сопротивление: 400мВ&gt;1000МОм; 10МОм для других цепей.</td></tr><tr><td>4 В</td><td>1 мВ</td></tr><tr><td>40 В</td><td>10 мВ</td></tr><tr><td>400 В</td><td>100 мВ</td></tr><tr><td>1000 В</td><td>±(0,8%+5ед. счета)</td><td>1 В</td></tr><tr><td rowspan=""4"">Переменное напряжение</td><td>4 В</td><td rowspan=""3"">±(0,8%+5ед. счета)</td><td>1 мВ</td><td rowspan=""4"">Частота 40-400Гц, для 400, 700В – 40-100Гц</td></tr><tr><td>40 В</td><td>10 мВ</td></tr><tr><td>400 В</td><td>100 мВ</td></tr><tr><td>700 В</td><td>±(1%+5ед. счета)</td><td>1 В</td></tr><tr><td rowspan=""2"">Постоянный ток</td><td>40 мА</td><td rowspan=""2"">±(0,8%+5ед. счета)</td><td>10 мА</td><td rowspan=""4"">Защита от перегрузки - предохранитель 5А/250В</td></tr><tr><td>400 мА</td><td>100 мА</td></tr><tr><td rowspan=""2"">Переменный ток</td><td>40 мА</td><td rowspan=""2"">±(1%+5ед. счета)</td><td>10 мА</td></tr><tr><td>400 мА</td><td>100 мА</td></tr><tr><td rowspan=""6"">Сопротивление</td><td>0,4 кОм</td><td rowspan=""4"">±(0,8%+5ед. счета)</td><td>0,1 Ом</td><td rowspan=""16"">Защита от перегрузки – 250В</td></tr><tr><td>4 кОм</td><td>1 Ом</td></tr><tr><td>40 кОм</td><td>10 Ом</td></tr><tr><td>400 кОм</td><td>100 Ом</td></tr><tr><td>4000 кОм</td><td>±(1%+3ед. счета)</td><td>1000 Ом</td></tr><tr><td>40000 кОм</td><td>±(2%+3ед. счета)</td><td>10000 Ом</td></tr><tr><td rowspan=""4"">Ёмкость</td><td>40 нФ</td><td rowspan=""4"">±(3%+5ед. счета)</td><td>10 пФ</td></tr><tr><td>400 нФ</td><td>100 пФ</td></tr><tr><td>4 мкФ</td><td>1 нФ</td></tr><tr><td>40 мкФ</td><td>10 нФ</td></tr><tr><td rowspan=""6"">Частота</td><td>40 Гц</td><td rowspan=""6"">±(0,5%+3ед. счета)</td><td>0,01 Гц</td></tr><tr><td>400 Гц</td><td>0,1 Гц</td></tr><tr><td>4 кГц</td><td>1 Гц</td></tr><tr><td>40 кГц</td><td>10 Гц</td></tr><tr><td>400 кГц</td><td>100 Гц</td></tr><tr><td>4 МГц</td><td>1 кГц</td></tr></tbody></table><p><strong>Условия эксплуатации<br/></strong></p><table><tbody><tr><td>Диапазон рабочих температур, °C</td><td>0...+40</td></tr><tr><td>Группа условий эксплуатации в части воздействия механических факторов</td><td>М1</td></tr><tr><td>Высота над уровнем моря, м, не более</td><td>2000</td></tr><tr><td>Допустимая относительная влажность при 25 °C (без конденсации), не более</td><td>75%</td></tr><tr><td>Рабочее положение в пространстве</td><td>произвольное</td></tr></tbody></table> ","Мегомметр цифровий з функцією мультиметра e.tool.multitest.04, E.NEXT","<h2>Опис товару</h2><p>Прилад призначений для побутового вимірювання напруги, частоти, струму та опору ізоляції провідників.</p><h3>Комплектність</h3><ul><li>мегомметр — 1 шт.;</li><li>вимірювальні щупи — 3 шт.;</li><li>ізольовані затискачі до щупів — 3 шт.;</li><li>інструкція — 1 шт.;</li><li>сумка — 1 шт.;</li><li>ремінь для мегомметра — 1 шт.;</li><li>упаковка — 1 шт.</li></ul> <h2>Технічні характеристики</h2><table><tbody><tr><td>Частота вимірювання, вим/с</td><td>2</td></tr><tr><td>Потужність споживання, Вт</td><td>0,018-4,5</td></tr><tr><td>Джерела живлення</td><td>Батарейка АА 1,5В — 6 шт.</td></tr><tr><td>Габарити, мм</td><td>170×156×64</td></tr><tr><td>Маса, (включаючи джерела живлення) г</td><td>650</td></tr></tbody></table><h3>Мегомметр</h3><p><strong>Вимірювальні величини</strong></p><table><tbody><tr><td>Напруга випробування, В</td><td>Межа вимірювання, МОм</td></tr><tr><td>250</td><td>0,25-400</td></tr><tr><td>500</td><td>0,5-4000</td></tr><tr><td>1000</td><td>1,5-40000</td></tr></tbody></table><p><strong>Дискретність значення на дисплеї</strong></p><table><tbody><tr><td>Напруга випробування, В</td><td>Значення на дисплеї, МОм</td><td>Точність, кОм</td></tr><tr><td>250</td><td>4/40/400</td><td>1/10/100</td></tr><tr><td>500</td><td>4/40/400/4000</td><td>1/10/100/1000</td></tr><tr><td>1000</td><td>40/400/4000/40000</td><td>10/100/1000/10000</td></tr></tbody></table><p><strong>Характеристики вимірювальних терміналів</strong></p><table><tbody><tr><td>Напруга випробування, В</td><td>Допустиме значення напруги розімкненого кола, В</td><td>Мінімальна величина опору в залежності від напруги випробування, МОм</td><td>Струм випробування,не більше мА</td></tr><tr><td>250</td><td rowspan=""3"">90-110% від напруги випробування</td><td>0,25 (на дисплеї ERR, якщо опір менше 0,2)</td><td rowspan=""3"">1,5</td></tr><tr><td>500</td><td>0,5 (на дисплеї ERR, якщо опір менше 0,4)</td></tr><tr><td>1000</td><td>1,5 (на дисплеї ERR, якщо опір менше 1)</td></tr></tbody></table><h3>Мультиметр</h3><table><tbody><tr><td>Параметр</td><td>Значення</td><td>Похибка</td><td>Дискретність</td><td>Примітка</td></tr><tr><td rowspan=""5"">Постійна напруга</td><td>0,4 В</td><td rowspan=""4"">±(0,5%+5од. рахунку)</td><td>0,1 мВ</td><td rowspan=""5"">Вхідний опір: 400мВ&gt;1000МОм; 10МОм для інших кіл.</td></tr><tr><td>4 В</td><td>1 мВ</td></tr><tr><td>40 В</td><td>10 мВ</td></tr><tr><td>400 В</td><td>100 мВ</td></tr><tr><td>1000 В</td><td>±(0,8%+5од. рахунку)</td><td>1 В</td></tr><tr><td rowspan=""4"">Змінна напруга</td><td>4 В</td><td rowspan=""3"">±(0,8%+5од. рахунку)</td><td>1 мВ</td><td rowspan=""4"">Частота 40-400Гц, для 400, 700В – 40-100Гц</td></tr><tr><td>40 В</td><td>10 мВ</td></tr><tr><td>400 В</td><td>100 мВ</td></tr><tr><td>700 В</td><td>±(1%+5од. рахунку)</td><td>1 В</td></tr><tr><td rowspan=""2"">Постійний струм</td><td>40 мА</td><td rowspan=""2"">±(0,8%+5од. рахунку)</td><td>10 мА</td><td rowspan=""4"">Захист від перевантаження - запобіжник 5А/250В</td></tr><tr><td>400 мА</td><td>100 мА</td></tr><tr><td rowspan=""2"">Змінний струм</td><td>40 мА</td><td rowspan=""2"">±(1%+5од. рахунку)</td><td>10 мА</td></tr><tr><td>400 мА</td><td>100 мА</td></tr><tr><td rowspan=""6"">Опір</td><td>0,4 кОм</td><td rowspan=""4"">±(0,8%+5од. рахунку)</td><td>0,1 Ом</td><td rowspan=""16"">Захист від перевантаження – 250В</td></tr><tr><td>4 кОм</td><td>1 Ом</td></tr><tr><td>40 кОм</td><td>10 Ом</td></tr><tr><td>400 кОм</td><td>100 Ом</td></tr><tr><td>4000 кОм</td><td>±(1%+3од. рахунку)</td><td>1000 Ом</td></tr><tr><td>40000 кОм</td><td>±(2%+3од. рахунку)</td><td>10000 Ом</td></tr><tr><td rowspan=""4"">Ємність</td><td>40 нФ</td><td rowspan=""4"">±(3%+5од. рахунку)</td><td>10 пФ</td></tr><tr><td>400 нФ</td><td>100 пФ</td></tr><tr><td>4 мкФ</td><td>1 нФ</td></tr><tr><td>40 мкФ</td><td>10 нФ</td></tr><tr><td rowspan=""6"">Частота</td><td>40 Гц</td><td rowspan=""6"">±(0,5%+3од. рахунку)</td><td>0,01 Гц</td></tr><tr><td>400 Гц</td><td>0,1 Гц</td></tr><tr><td>4 кГц</td><td>1 Гц</td></tr><tr><td>40 кГц</td><td>10 Гц</td></tr><tr><td>400 кГц</td><td>100 Гц</td></tr><tr><td>4 МГц</td><td>1 кГц</td></tr></tbody></table><p><strong>Умови експлуатації</strong></p><table><tbody><tr><td>Діапазон робочих температур, °C</td><td>0...+40</td></tr><tr><td>Група умов експлуатації в частині впливу механічних факторів</td><td>М1</td></tr><tr><td>Висота над рівнем моря, м, не більше</td><td>2000</td></tr><tr><td>Допустима відносна вологість при 25 °C (без конденсації), не більше</td><td>75%</td></tr><tr><td>Робоче положення в просторі</td><td>довільне</td></tr></tbody></table> ",Русский ~ Мегаомметр ;; Русский ~ мультиметр,Русский ~ Контактный,Русский ~ Ёмкость ;; Русский ~ напряжение переменного тока ;; Русский ~ напряжение постоянного тока ;; Русский ~ переменный ток ;; Русский ~ постоянный ток ;; Русский ~ сопротивление ;; Русский ~ частота
https://001.com.ua/detektor-skrytoy-provodki-e-tool-multitest-03-e-next,new,,,https://001.com.ua/media/photos/enext/tools/enext-detector-skrytoi-provodki-e-tool-multitest-03-p0470022-photo.jpg,"Детектор скрытой проводки e.tool.multitest.03, E.NEXT",Контрольно-измерительный инструмент,E.NEXT,p0470022,p0470022,instock,1,12,"419,73","Детектор скрытой проводки e.tool.multitest.03, E.NEXT","<h2>Описание товара</h2><p>Предназначен для обнаружения наличия напряжения переменного тока или металлических частей здания (арматура и металлические части здания).</p><h3>Комплектность</h3><ul><li>детектор скрытой проводки серии e.tool.multitest.03 — 1 шт.;</li><li>упаковочная коробка — 1 шт.;</li><li>инструкция по эксплуатации — 1 шт.;</li><li>элемент питания в комплекте не идет.</li></ul> <h2>Технические характеристики</h2><table><tbody><tr><td>Диаметр обнаруживаемого металлического прута, мм</td><td>20</td></tr><tr><td>Максимальная глубина обнаружения, мм</td><td>25</td></tr><tr><td>Обнаружение напряжения, В</td><td>&gt;110</td></tr><tr><td>Максимальная глубина обнаружения напряжения, мм</td><td>40</td></tr><tr><td>Элемент питания</td><td>6F22, 9В (Крона)</td></tr><tr><td>Масса, г, не более</td><td>142</td></tr><tr><td>Габариты Д×В×Ш, мм</td><td>148×8×25</td></tr><tr><td>Диапазон рабочих температур, °C</td><td>-20...+60</td></tr><tr><td>Группа условий эксплуатации в части воздействия механических факторов</td><td>М1</td></tr><tr><td>Высота над уровнем моря, м, не более</td><td>2000</td></tr><tr><td>Допустимая относительная влажность при 25°C (без конденсации), не более</td><td>80%</td></tr><tr><td>Рабочее положение в пространстве</td><td>произвольное</td></tr></tbody></table> ","Детектор прихованої проводки e.tool.multitest.03, E.NEXT","<h2>Опис товару</h2><p>Призначений для виявлення наявності напруги змінного струму або металевих частин будівлі (арматура і металеві частини будівлі).</p><h3>Комплектність</h3><ul><li>детектор прихованої проводки серії e.tool.multitest. 03 — 1 шт.;</li><li>пакувальна коробка — 1 шт.;</li><li>інструкція з експлуатації — 1 шт.;</li><li>елемент живлення в комплекті не йде.</li></ul> <h2>Технічні характеристики</h2><table><tbody><tr><td>Діаметр виявленого металевого прута, мм</td><td>20</td></tr><tr><td>Максимальна глибина виявлення, мм</td><td>25</td></tr><tr><td>Виявлення напруги, В</td><td>&gt;110</td></tr><tr><td>Максимальна глибина виявлення напруги, мм</td><td>40</td></tr><tr><td>Елемент живлення</td><td>6F22, 9В (Крона)</td></tr><tr><td>Маса, г, не більше</td><td>142</td></tr><tr><td>Габарити Д×В×Ш, мм</td><td>148×8×25</td></tr><tr><td>Діапазон робочих температур, °C</td><td>-20...+60</td></tr><tr><td>Група умов експлуатації в частині впливу механічних факторів</td><td>М1</td></tr><tr><td>Висота над рівнем моря, м, не більше</td><td>2000</td></tr><tr><td>Допустима відносна вологість при 25 °C (без конденсації), не більше</td><td>80%</td></tr><tr><td>Робоче положення в просторі</td><td>довільне</td></tr></tbody></table> ",Русский ~ Детектор проводки,Русский ~ Безконтактный ;; Русский ~ контактный,Русский ~ Наличие металлических частей ;; Русский ~ наличие скрытой проводки ;; Русский ~ напряжение переменного тока
https://001.com.ua/indikator-tester-ac70-1000v-dc-do-250v-pryamoy-shlits-3-mm-e-tool-test09-e-next,new,,,https://001.com.ua/media/photos/enext/tools/enext-indicator-tester-e-tool-test09-t001109-photo.jpg ;; https://001.com.ua/media/photos/enext/tools/gabaritnye-razmery-enext-indicator-e-tool-test09-t001109-photo.jpg,"Индикатор-тестер AC70-1000В (DC до 250В) прямой шлиц (3 мм) e.tool.test09, E.NEXT",Контрольно-измерительный инструмент,E.NEXT,t001109,t001109,instock,1,12,"110,68","Индикатор-тестер AC70-1000В (DC до 250В) прямой шлиц (3 мм) e.tool.test09, E.NEXT","<h2>Описание товара</h2><ul><li>Индикатор-тестер</li><li>Материал жала: сталь A3</li><li>Шлиц: прямой 3 мм</li><li>Измерение: контактное AC 70-250В, бесконтактное AC 70-1000В, DC до 250В, целостность цепи, зум</li></ul> <h2>Технические характеристики</h2><table><tbody><tr><td>Длина, мм</td><td>140</td></tr><tr><td>Зажим для кармана</td><td>есть</td></tr></tbody></table> ","Індикатор-тестер AC70-1000В (DC до 250В) прямий шліц (3 мм) e.tool.test09, E.NEXT","<h2>Опис товару</h2><ul><li>Індикатор-тестер</li><li>Матеріал жала: сталь A3</li><li>Шліц: прямий 3 мм</li><li>Вимірювання: контактне AC 70-250В, безконтактне AC 70-1000В, DC до 250В, цілісність кола, зум</li></ul> <h2>Технічні характеристики</h2><table><tbody><tr><td>Довжина, мм</td><td>140</td></tr><tr><td>Затискач для кишені</td><td>є</td></tr></tbody></table> ",Русский ~ Отвертка-пробник шлицевая,Русский ~ Безконтактный ;; Русский ~ контактный,Русский ~ Напряжение переменного тока ;; Русский ~ напряжение постоянного тока ;; Русский ~ целостность цепи
https://001.com.ua/indikator-otvertka-ac100-500v-pryamoy-4-5-mm-i-krestovoy-shlits-ph1-e-tool-test07-e-next,new,,,https://001.com.ua/media/photos/enext/tools/enext-indicator-otvertka-e-tool-test07-t001107-photo.jpg ;; https://001.com.ua/media/photos/enext/tools/gabaritnye-razmery-enext-indicator-e-tool-test07-t001107-photo.jpg,"Индикатор-отвертка AC100-500В прямой (4,5 мм) и крестовой шлиц (PH1) e.tool.test07, E.NEXT",Контрольно-измерительный инструмент,E.NEXT,t001107,t001107,instock,1,12,"76,94","Индикатор-отвертка AC100-500В прямой (4,5 мм) и крестовой шлиц (PH1) e.tool.test07, E.NEXT","<h2>Описание товара</h2><ul><li>Отвертка-индикатор AC 100-500В</li><li>Материал жала: сталь CRV</li><li>Шлиц: прямой 4,5 мм + крестовой PH1</li><li>Измерение: контактное</li></ul> <h2>Технические характеристики</h2><table><tbody><tr><td>Длина, мм</td><td>190</td></tr><tr><td>Зажим для кармана</td><td>нет</td></tr></tbody></table> ","Індикатор-викрутка AC100-500В прямий (4,5 мм) і хрестовий шліц (PH1) e.tool.test07, E.NEXT","<h2>Опис товару</h2><ul><li>Викрутка-індикатор AC 100-500В</li><li>Матеріал жала: сталь CRV</li><li>Шліц: прямий 4,5 мм + хрестовий PH1</li><li>Вимірювання: контактне</li></ul> <h2>Технічні характеристики</h2><table><tbody><tr><td>Довжина, мм</td><td>190</td></tr><tr><td>Затискач для кишені</td><td>немає</td></tr></tbody></table> ",Русский ~ Отвертка-пробник крестовая ;; Русский ~ отвертка-пробник шлицевая,Русский ~ Контактный,Русский ~ Напряжение переменного тока
https://001.com.ua/indikator-otvertka-ac100-500v-pryamoy-3-mm-i-krestovoy-shlits-ph0-e-tool-test06-e-next,new,,,https://001.com.ua/media/photos/enext/tools/enext-indicator-otvertka-e-tool-test06-t001106-photo.jpg ;; https://001.com.ua/media/photos/enext/tools/gabaritnye-razmery-enext-indicator-e-tool-test06-t001106-photo.jpg,"Индикатор-отвертка AC100-500В прямой (3 мм) и крестовой шлиц (PH0) e.tool.test06, E.NEXT",Контрольно-измерительный инструмент,E.NEXT,t001106,t001106,instock,1,12,"41,32","Индикатор-отвертка AC100-500В прямой (3 мм) и крестовой шлиц (PH0) e.tool.test06, E.NEXT","<h2>Описание товара</h2><ul><li>Отвертка-индикатор AC 100-500В</li><li>Материал жала: углеродистая сталь</li><li>Шлиц: прямой 3 мм + крестовой PH0</li><li>Измерение: контактное</li></ul> <h2>Технические характеристики</h2><table><tbody><tr><td>Длина, мм</td><td>155</td></tr><tr><td>Зажим для кармана</td><td>есть</td></tr></tbody></table> ","Індикатор-викрутка AC100-500В прямий (3 мм) і хрестовий шліц (PH0) e.tool.test06, E.NEXT","<h2>Опис товару</h2><ul><li>Викрутка-індикатор AC 100-500В</li><li>Матеріал жала: вуглецева сталь</li><li>Шліц: прямий 3 мм + хрестовий PH0</li><li>Вимірювання: контактне</li></ul> <h2>Технічні характеристики</h2><table><tbody><tr><td>Довжина, мм</td><td>155</td></tr><tr><td>Затискач для кишені</td><td>є</td></tr></tbody></table> ",Русский ~ Отвертка-пробник крестовая ;; Русский ~ отвертка-пробник шлицевая,Русский ~ Контактный,Русский ~ Напряжение переменного тока
https://001.com.ua/multimetr-tsifrovoy-e-tool-multitest-01-e-next,new,,,https://001.com.ua/media/photos/enext/tools/enext-multimetr-e-tool-multitest-01-p0470020-photo.jpg ;; https://001.com.ua/media/photos/enext/tools/gabaritnye-razmery-enext-multimetr-e-tool-multitest-01-p0470020-photo.jpg,"Мультиметр цифровой e.tool.multitest.01, E.NEXT",Контрольно-измерительный инструмент,E.NEXT,p0470020,p0470020,instock,1,12,"420,42","Мультиметр цифровой e.tool.multitest.01, E.NEXT","<h2>Описание товара</h2><p>Мультиметр цифровой E.NEXT e.tool.multitest.01 предназначен для измерения постоянного и переменного напряжения, постоянного тока, сопротивления электрических цепей. Изделие предназначено для бытового и аналогичного применения.</p><h3>Комплектность</h3><ul><li>мультиметр цифровой серии e.tool.multitest.01 — 1шт.;</li><li>упаковочная коробка — 1шт.;</li><li>инструкция по эксплуатации — 1шт.</li></ul> <h2>Технические характеристики</h2><table><tbody><tr><td>Максимальное напряжение между терминалом и землей, В</td><td>1000</td></tr><tr><td>Максимум дисплея</td><td>1999</td></tr><tr><td>Пределы измерения постоянного напряжения, В</td><td>0,0001-500</td></tr><tr><td>Точность измерения постоянного напряжения, %</td><td>±1</td></tr><tr><td>Пределы измерения переменного напряжения, В</td><td>0,0001-500</td></tr><tr><td>Точность измерения переменного напряжения, %</td><td>±1,5</td></tr><tr><td>Пределы измерения сопротивления, Ом</td><td>0,1-2×10<sup>8</sup></td></tr><tr><td>Точность измерения сопротивления, %</td><td>1,2</td></tr><tr><td>Пределы измерения постоянного тока, А</td><td>1×10<sup>-6</sup>–10</td></tr><tr><td>Точность измерения сопротивления, %</td><td>2</td></tr><tr><td>Диодный тест / тест проводимости</td><td>1 мВ/0,1 Ом</td></tr><tr><td>Элемент питания</td><td>6F22, 9В (Крона)</td></tr><tr><td>Масса, г, не более</td><td>170</td></tr><tr><td>Диапазон рабочих температур, °C</td><td>0...+40</td></tr><tr><td>Группа условий эксплуатации в части воздействия механических факторов</td><td>М1</td></tr><tr><td>Высота над уровнем моря, м, не более</td><td>2000</td></tr><tr><td>Допустимая относительная влажность при 25°C (без конденсации), не более</td><td>75%</td></tr><tr><td>Рабочее положение в пространстве</td><td>произвольное</td></tr></tbody></table> ","Мультиметр цифровий e.tool.multitest.01, E.NEXT","<h2>Опис товару</h2><p>Мультиметр цифровий E.NEXT e.tool.multitest.01 призначений для вимірювання постійної та змінної напруги, постійного струму, опору електричних кіл. Виріб призначений для побутового та аналогічного застосування.</p><h3>Комплектність</h3><ul><li>мультиметр цифровий серії e.tool.multitest.01 — 1шт.;</li><li>пакувальна коробка — 1шт.;</li><li>інструкція з експлуатації — 1шт.</li></ul> <h2>Технічні характеристики</h2><table><tbody><tr><td>Максимальна напруга між терміналом і землею, В</td><td>1000</td></tr><tr><td>Максимум дисплея</td><td>1999</td></tr><tr><td>Межі вимірювання постійної напруги, В</td><td>0,0001-500</td></tr><tr><td>Точність вимірювання постійної напруги, %</td><td>±1</td></tr><tr><td>Межі вимірювання змінної напруги, В</td><td>0,0001-500</td></tr><tr><td>Точність вимірювання змінної напруги, %</td><td>±1,5</td></tr><tr><td>Межі вимірювання опору, Ом</td><td>0,1-2×10<sup>8</sup></td></tr><tr><td>Точність вимірювання опору, %</td><td>1,2</td></tr><tr><td>Межі вимірювання постійного струму, А</td><td>1×10<sup>-6</sup>–10</td></tr><tr><td>Точність вимірювання опору, %</td><td>2</td></tr><tr><td>Діодний тест / тест провідності</td><td>1 мВ/0,1 Ом</td></tr><tr><td>Елемент живлення</td><td>6F22, 9В (Крона)</td></tr><tr><td>Маса, г, не більше</td><td>170</td></tr><tr><td>Діапазон робочих температур, °C</td><td>0...+40</td></tr><tr><td>Група умов експлуатації в частині впливу механічних факторів</td><td>М1</td></tr><tr><td>Висота над рівнем моря, м, не більше</td><td>2000</td></tr><tr><td>Допустима відносна вологість при 25 °C (без конденсації), не більше</td><td>75%</td></tr><tr><td>Робоче положення в просторі</td><td>довільне</td></tr></tbody></table> ",Русский ~ Мультиметр,Русский ~ Контактный,Русский ~ Напряжение переменного тока ;; Русский ~ напряжение постоянного тока ;; Русский ~ постоянный ток ;; Русский ~ сопротивление
https://001.com.ua/indikator-ac100-500v-pryamoy-shlits-3-mm-e-tool-test01-e-next,new,,,https://001.com.ua/media/photos/enext/tools/enext-indicator-e-tool-test01-t001101-photo.jpg ;; https://001.com.ua/media/photos/enext/tools/gabaritnye-razmery-enext-indicator-e-tool-test01-t001101-photo.jpg,"Индикатор AC100-500В прямой шлиц (3 мм) e.tool.test01, E.NEXT",Контрольно-измерительный инструмент,E.NEXT,t001101,t001101,instock,1,12,"19,56","Индикатор AC100-500В прямой шлиц (3 мм) e.tool.test01, E.NEXT","<h2>Описание товара</h2><ul><li>Индикатор AC 100-500В</li><li>Материал жала: сталь A3</li><li>Шлиц: прямой 3 мм</li><li>Измерение: контактное</li></ul> <h2>Технические характеристики</h2><table><tbody><tr><td>Длина, мм</td><td>130</td></tr><tr><td>Зажим для кармана</td><td>есть</td></tr></tbody></table> ","Індикатор AC100-500В прямий шліц (3 мм) e.tool.test01, E.NEXT","<h2>Опис товару</h2><ul><li>Індикатор AC 100-500В</li><li>Матеріал жала: сталь A3</li><li>Шліц: прямий 3 мм</li><li>Вимірювання: контактне</li></ul> <h2>Технічні характеристики</h2><table><tbody><tr><td>Довжина, мм</td><td>130</td></tr><tr><td>Затискач для кишені</td><td>є</td></tr></tbody></table> ",Русский ~ Отвертка-пробник шлицевая,Русский ~ Контактный,Русский ~ Напряжение переменного тока
https://001.com.ua/lyuksmetr-tsifrovoy-0-50000-lk-e-tool-multitest-06-e-next,new,,,https://001.com.ua/media/photos/enext/tools/enext-luxmeter-e-tool-multitest-06-p0470025-photo.jpg,"Люксметр цифровой 0-50000 лк e.tool.multitest.06, E.NEXT",Контрольно-измерительный инструмент,E.NEXT,p0470025,p0470025,instock,1,12,"719,05","Люксметр цифровой 0-50000 лк e.tool.multitest.06, E.NEXT","<h2>Описание товара</h2><p>Предназначен для измерения освещенности.</p><h3>Комплектность</h3><ul><li>Люксметр цифровой - 1 шт.;</li><li>Инструкция - 1 шт.;</li><li>Упаковка - 1 шт.</li></ul> <h2>Технические характеристики</h2><table><tbody><tr><td>Дисплей</td><td>1,5” LCD</td></tr><tr><td>Максимальное значение дисплея</td><td>1999</td></tr><tr><td>Значение, лк</td><td>2000, 20000, 50000</td></tr><tr><td>Погрешность измерения <br/>до 10000 лк <br/>свыше 10000 лк</td><td><br/>± 6% <br/>± 8%</td></tr><tr><td>Скорость измерения, раз/с</td><td>2</td></tr><tr><td>Стабильность (гистерезис), %</td><td>±2</td></tr><tr><td>Зависимость показателей от температуры, %/ °C</td><td>± 0,1</td></tr><tr><td>Фотодатчик</td><td>Селеновый фотодиод с фильтром</td></tr><tr><td>Диапазон рабочих температур, °C</td><td>-10...+40</td></tr><tr><td>Температура хранения, °C</td><td>-10...+50</td></tr><tr><td>Допустимая относительная влажность при 25 °C, %, не более</td><td>70</td></tr><tr><td>Габариты, мм</td><td>105×57×26</td></tr><tr><td>Масса, г</td><td>75</td></tr><tr><td>Источник питания</td><td>аккумулятор ААА — 3 шт.</td></tr></tbody></table> ","Люксметр цифровий 0-50000 лк e.tool.multitest.06, E.NEXT","<h2>Опис товару</h2><p>Призначений для вимірювання освітленості.</p><h3>Комплектність</h3><ul><li>Люксметр цифровий - 1 шт.;</li><li>Інструкція - 1 шт.;</li><li>Упаковка - 1 шт.</li></ul> <h2>Технічні характеристики</h2><table><tbody><tr><td>Дисплей</td><td>1,5” LCD</td></tr><tr><td>Максимальне значення дисплея</td><td>1999</td></tr><tr><td>Значення, лк</td><td>2000, 20000, 50000</td></tr><tr><td>Похибка вимірювання<br/>до 10000 лк<br/>понад 10000 лк</td><td><br/>±6%<br/>±8%</td></tr><tr><td>Швидкість вимірювання, раз/с</td><td>2</td></tr><tr><td>Стабільність (гістерезис), %</td><td>±2</td></tr><tr><td>Залежність показників від температури, %/°С</td><td>±0,1</td></tr><tr><td>Фотодатчик</td><td>Селеновий фотодіод з фільтром</td></tr><tr><td>Діапазон робочих температур, °C</td><td>-10...+40</td></tr><tr><td>Температура зберігання, °C</td><td>-10...+50</td></tr><tr><td>Допустима відносна вологість при 25 °C, % не більше</td><td>70</td></tr><tr><td>Габарити, мм</td><td>105×57×26</td></tr><tr><td>Маса, г</td><td>75</td></tr><tr><td>Джерело живлення</td><td>акумулятор ААА — 3 шт.</td></tr></tbody></table> ",Русский ~ Люксметр,Русский ~ Безконтактный,Русский ~ Освещенность
https://001.com.ua/termometr-tsifrovoy-40-250-gradc-e-tool-multitest-07-e-next,new,,,https://001.com.ua/media/photos/enext/tools/enext-termometer-e-tool-multitest-07-p0470026-photo.jpg,"Термометр цифровой -40…+250°C e.tool.multitest.07, E.NEXT",Контрольно-измерительный инструмент,E.NEXT,p0470026,p0470026,instock,1,12,"409,95","Термометр цифровой -40…+250°C e.tool.multitest.07, E.NEXT","<h2>Описание товара</h2><p>Термометр цифровой e.tool.multitest.07 является электронным, высокоточным прибором для измерения температуры с функцией памяти максимального и минимального значения температуры за текущий период измерения. Прибор предназначен для бытового или аналогичного использования.</p><h3>Комплектация</h3><ul><li>Термометр цифровой e.tool.multitest.07 - 1 шт.;</li><li>Инструкция по эксплуатации — 1шт.</li></ul> <h2>Технические характеристики</h2><table><tbody><tr><td>Диапазон измерения, °C</td><td>-40...+250</td></tr><tr><td>Диапазон измерения, °F</td><td>-40...+482</td></tr><tr><td>Диапазон рабочих температур, °C</td><td>0...+50</td></tr><tr><td>Элемент питания</td><td>LR44, 1.5В</td></tr></tbody></table><h3>Погрешность</h3><table><tbody><tr><td>Величина измерения</td><td>Значение</td><td>Погрешность</td><td>Дискретность</td></tr><tr><td rowspan=""4"">Цельсий</td><td>-40°C...0°C</td><td rowspan=""3"">±2%</td><td rowspan=""3"">0,1°C</td></tr><tr><td>0,1°C...99,9°C</td></tr><tr><td>100°C...199,9°C</td></tr><tr><td>200°C...250°C</td><td>±3%</td><td>1°C</td></tr><tr><td rowspan=""3"">Фаренгейт</td><td>-40°F...32°F</td><td rowspan=""2"">±2%</td><td rowspan=""2"">0.1°F</td></tr><tr><td>32.1°F...199.9°F</td></tr><tr><td>200°F...482°F</td><td>±3%</td><td>1°F</td></tr></tbody></table> ","Термометр цифровий -40…+250°C e.tool.multitest.07, E.NEXT","<h2>Опис товару</h2><p>Термометр цифровий e.tool.multitest.07 є електронним, високоточним приладом для вимірювання температури з функцією пам’яті максимального та мінімального значення температури за поточний період вимірювання. Прилад призначений для побутового або аналогічного використання.</p><h3>Комплектація</h3><ul><li>Термометр цифровий e.tool.multitest.07 - 1 шт.;</li><li>Інструкція з експлуатації — 1шт.</li></ul> <h2>Технічні характеристики</h2><table><tbody><tr><td>Діапазон вимірювання, °C</td><td>-40...+250</td></tr><tr><td>Діапазон вимірювання, °F</td><td>-40...+482</td></tr><tr><td>Діапазон робочих температур, °C</td><td>0...+50</td></tr><tr><td>Елемент живлення</td><td>LR44, 1.5В</td></tr></tbody></table><h3>Похибка</h3><table><tbody><tr><td>Величина вимірювання</td><td>Значення</td><td>Похибка</td><td>Дискретність</td></tr><tr><td rowspan=""4"">Цельсій</td><td>-40°C...0°C</td><td rowspan=""3"">±2%</td><td rowspan=""3"">0,1°C</td></tr><tr><td>0,1°C...99,9°C</td></tr><tr><td>100°C...199,9°C</td></tr><tr><td>200°C...250°C</td><td>±3%</td><td>1°C</td></tr><tr><td rowspan=""3"">Фаренгейт</td><td>-40°F...32°F</td><td rowspan=""2"">±2%</td><td rowspan=""2"">0.1°F</td></tr><tr><td>32.1°F...199.9°F</td></tr><tr><td>200°F...482°F</td><td>±3%</td><td>1°F</td></tr></tbody></table> ",Русский ~ Термометр,Русский ~ Контактный,Русский ~ Температура
https://001.com.ua/indikator-otvertka-ac100-500v-pryamoy-shlits-3-5-mm-e-tool-test02-e-next,new,,,https://001.com.ua/media/photos/enext/tools/enext-indicator-otvertka-e-tool-test02-t001102-photo.jpg ;; https://001.com.ua/media/photos/enext/tools/gabaritnye-razmery-enext-indicator-e-tool-test02-t001102-photo.jpg,"Индикатор-отвертка AC100-500В прямой шлиц (3,5 мм) e.tool.test02, E.NEXT",Контрольно-измерительный инструмент,E.NEXT,t001102,t001102,instock,1,12,"21,78","Индикатор-отвертка AC100-500В прямой шлиц (3,5 мм) e.tool.test02, E.NEXT","<h2>Описание товара</h2><ul><li>Отвертка-индикатор AC 100-500В</li><li>Материал жала: углеродистая сталь</li><li>Шлиц: прямой 3,5 мм</li><li>Измерение: контактное</li></ul> <h2>Технические характеристики</h2><table><tbody><tr><td>Длина, мм</td><td>140</td></tr><tr><td>Зажим для кармана</td><td>есть</td></tr></tbody></table> ","Індикатор-викрутка AC100-500В прямий шліц (3,5 мм) e.tool.test02, E.NEXT","<h2>Опис товару</h2><ul><li>Викрутка-індикатор AC 100-500В</li><li>Матеріал жала: вуглецева сталь</li><li>Шліц: прямий 3,5 мм</li><li>Вимірювання: контактне</li></ul> <h2>Технічні характеристики</h2><table><tbody><tr><td>Довжина, мм</td><td>140</td></tr><tr><td>Затискач для кишені</td><td>є</td></tr></tbody></table> ",Русский ~ Отвертка-пробник шлицевая,Русский ~ Контактный,Русский ~ Напряжение переменного тока
https://001.com.ua/indikator-ac100-500v-pryamoy-shlits-4-5-mm-e-tool-test03-e-next,new,,,https://001.com.ua/media/photos/enext/tools/enext-indicator-e-tool-test03-t001103-photo.jpg ;; https://001.com.ua/media/photos/enext/tools/gabaritnye-razmery-enext-indicator-e-tool-test03-t001103-photo.jpg,"Индикатор AC100-500В прямой шлиц (4,5 мм) e.tool.test03, E.NEXT",Контрольно-измерительный инструмент,E.NEXT,t001103,t001103,instock,1,12,"17,68","Индикатор AC100-500В прямой шлиц (4,5 мм) e.tool.test03, E.NEXT","<h2>Описание товара</h2><ul><li>Индикатор AC 100-500В</li><li>Материал жала: сталь A3</li><li>Шлиц: прямой 4,5 мм</li><li>Измерение: контактное</li></ul> <h2>Технические характеристики</h2><table><tbody><tr><td>Длина, мм</td><td>155</td></tr><tr><td>Зажим для кармана</td><td>нет</td></tr></tbody></table> ","Індикатор AC100-500В прямий шліц (4,5 мм) e.tool.test03, E.NEXT","<h2>Опис товару</h2><ul><li>Індикатор AC 100-500В</li><li>Матеріал жала: сталь A3</li><li>Шліц: прямий 4,5 мм</li><li>Вимірювання: контактне</li></ul> <h2>Технічні характеристики</h2><table><tbody><tr><td>Довжина, мм</td><td>155</td></tr><tr><td>Затискач для кишені</td><td>немає</td></tr></tbody></table> ",Русский ~ Отвертка-пробник шлицевая,Русский ~ Контактный,Русский ~ Напряжение переменного тока
https://001.com.ua/indikator-tester-ac70-600v-dc-do-250v-pryamoy-shlits-3-5-mm-e-tool-test08-e-next,new,,,https://001.com.ua/media/photos/enext/tools/enext-indicator-tester-e-tool-test08-t001108-photo.jpg ;; https://001.com.ua/media/photos/enext/tools/gabaritnye-razmery-enext-indicator-e-tool-test08-t001108-photo.jpg,"Индикатор-тестер AC70-600В (DC до 250В) прямой шлиц (3,5 мм) e.tool.test08, E.NEXT",Контрольно-измерительный инструмент,E.NEXT,t001108,t001108,instock,1,12,"58,02","Индикатор-тестер AC70-600В (DC до 250В) прямой шлиц (3,5 мм) e.tool.test08, E.NEXT","<h2>Описание товара</h2><ul><li>Индикатор-тестер</li><li>Материал жала: сталь A3</li><li>Шлиц: прямой 3,5 мм</li><li>Измерение: контактное AC 70-250В, бесконтактное AC 70-600В, DC до 250В, целостность цепи</li></ul> <h2>Технические характеристики</h2><table><tbody><tr><td>Длина, мм</td><td>140</td></tr><tr><td>Зажим для кармана</td><td>есть</td></tr></tbody></table> ","Індикатор-тестер AC70-600В (DC до 250В) прямий шліц (3,5 мм) e.tool.test08, E.NEXT","<h2>Опис товару</h2><ul><li>Індикатор-тестер</li><li>Матеріал жала: сталь A3</li><li>Шліц: прямий 3,5 мм</li><li>Вимірювання: контактне AC 70-250В, безконтактне AC 70-600В, DC до 250В, цілісність кола</li></ul> <h2>Технічні характеристики</h2><table><tbody><tr><td>Довжина, мм</td><td>140</td></tr><tr><td>Затискач для кишені</td><td>є</td></tr></tbody></table> ",Русский ~ Отвертка-пробник шлицевая,Русский ~ Безконтактный ;; Русский ~ контактный,Русский ~ Напряжение переменного тока ;; Русский ~ напряжение постоянного тока ;; Русский ~ целостность цепи
https://001.com.ua/indikator-tester-ac-dc12-250v-pryamoy-shlits-3-mm-e-tool-test10-e-next,new,,,https://001.com.ua/media/photos/enext/tools/enext-indicator-tester-e-tool-test10-t001110-photo.jpg ;; https://001.com.ua/media/photos/enext/tools/gabaritnye-razmery-enext-indicator-e-tool-test10-t001110-photo.jpg,"Индикатор-тестер AC/DC12-250В прямой шлиц (3 мм) e.tool.test10, E.NEXT",Контрольно-измерительный инструмент,E.NEXT,t001110,t001110,instock,1,12,"142,22","Индикатор-тестер AC/DC12-250В прямой шлиц (3 мм) e.tool.test10, E.NEXT","<h2>Описание товара</h2><ul><li>Индикатор-тестер</li><li>Материал жала: сталь A3</li><li>Шлиц: прямой 3 мм</li><li>Измерение: контактное AC/DC 12-250В, обрыв, целостность цепи, индикация, подсветка</li></ul> <h2>Технические характеристики</h2><table><tbody><tr><td>Длина, мм</td><td>130</td></tr><tr><td>Зажим для кармана</td><td>есть</td></tr></tbody></table> ","Індикатор-тестер AC/DC12-250В прямий шліц (3 мм) e.tool.test10, E.NEXT","<h2>Опис товару</h2><ul><li>Індикатор-тестер</li><li>Матеріал жала: сталь A3</li><li>Шліц: прямий 3 мм</li><li>Вимірювання: контактне AC/DC 12-250В, обрив, цілісність кола, індикація, підсвічування</li></ul> <h2>Технічні характеристики</h2><table><tbody><tr><td>Довжина, мм</td><td>130</td></tr><tr><td>Затискач для кишені</td><td>є</td></tr></tbody></table> ",Русский ~ Отвертка-пробник шлицевая,Русский ~ Контактный,Русский ~ Напряжение переменного тока ;; Русский ~ напряжение постоянного тока ;; Русский ~ целостность цепи
https://001.com.ua/indikator-otvertka-ac100-500v-pryamoy-shlits-4-5-mm-e-tool-test05-e-next,new,,,https://001.com.ua/media/photos/enext/tools/enext-indicator-otvertka-e-tool-test05-t001105-photo.jpg ;; https://001.com.ua/media/photos/enext/tools/gabaritnye-razmery-enext-indicator-e-tool-test05-t001105-photo.jpg,"Индикатор-отвертка AC100-500В прямой шлиц (4,5 мм) e.tool.test05, E.NEXT",Контрольно-измерительный инструмент,E.NEXT,t001105,t001105,instock,1,12,"21,78","Индикатор-отвертка AC100-500В прямой шлиц (4,5 мм) e.tool.test05, E.NEXT","<h2>Описание товара</h2><ul><li>Отвертка-индикатор AC 100-500В</li><li>Материал жала: сталь CRV</li><li>Шлиц: прямой 4,5 мм</li><li>Измерение: контактное</li></ul> <h2>Технические характеристики</h2><table><tbody><tr><td>Длина, мм</td><td>165</td></tr><tr><td>Зажим для кармана</td><td>нет</td></tr></tbody></table> ","Індикатор-викрутка AC100-500В прямий шліц (4,5 мм) e.tool.test05, E.NEXT","<h2>Опис товару</h2><ul><li>Викрутка-індикатор AC 100-500В</li><li>Матеріал жала: сталь CRV</li><li>Шліц: прямий 4,5 мм</li><li>Вимірювання: контактне</li></ul> <h2>Технічні характеристики</h2><table><tbody><tr><td>Довжина, мм</td><td>165</td></tr><tr><td>Затискач для кишені</td><td>немає</td></tr></tbody></table> ",Русский ~ Отвертка-пробник шлицевая,Русский ~ Контактный,Русский ~ Напряжение переменного тока
https://001.com.ua/ukazatel-faz-e-tool-multitest-05-e-next,new,,,https://001.com.ua/media/photos/enext/tools/enext-ukazatel-faz-e-tool-multitest-05-p0470024-photo.jpg,"Указатель фаз e.tool.multitest.05, E.NEXT",Контрольно-измерительный инструмент,E.NEXT,p0470024,p0470024,outofstock,1,12,"1 177,19","Указатель фаз e.tool.multitest.05, E.NEXT","<h2>Описание товара</h2><p>Предназначен для определения наличия напряжения и чередования фаз в сети трехфазного переменного тока напряжением до 600В.</p><h3>Комплектность</h3><ul><li>Указатель фаз e.tool.multitest.05 — 1 шт.;</li><li>Щупы — 3 шт.;</li><li>Зажимы для щупов — 3 шт.;</li><li>Инструкция — 1 шт.;</li><li>Чехол — 1 шт.</li></ul> <h2>Технические характеристики</h2><table><tbody><tr><td colspan=""2"">Диапазон рабочего напряжения, В</td><td>60-600</td></tr><tr><td colspan=""2"">Частота, Гц</td><td>20-400</td></tr><tr><td colspan=""2"">Номинальное импульсное напряжение, кВ</td><td>4</td></tr><tr><td rowspan=""2"">Предельное время работы, мин</td><td>при 60В</td><td>60</td></tr><tr><td>при 600В</td><td>4</td></tr><tr><td colspan=""2"">Габариты, мм</td><td>85×64×23</td></tr><tr><td colspan=""2"">Масса, кг</td><td>0,2</td></tr></tbody></table> ","Покажчик фаз e.tool.multitest.05, E.NEXT","<h2>Опис товару</h2><p>Призначений для визначення наявності напруги та чергування фаз в мережі трьохфазного змінного струму напругою до 600В.</p><h3>Комплектність</h3><ul><li>Покажчик фаз e.tool.multitest.05 — 1шт;</li><li>Щупи — 3шт;</li><li>Затискачі для щупів — 3шт;</li><li>Інструкція — 1шт;</li><li>Чохол — 1шт.</li></ul> <h2>Технічні характеристики</h2><table><tbody><tr><td colspan=""2"">Діапазон робочої напруги, В</td><td>60-600</td></tr><tr><td colspan=""2"">Частота, Гц</td><td>20-400</td></tr><tr><td colspan=""2"">Номінальна імпульсна напруга, кВ</td><td>4</td></tr><tr><td rowspan=""2"">Граничний час роботи, хв</td><td>при 60В</td><td>60</td></tr><tr><td>при 600В</td><td>4</td></tr><tr><td colspan=""2"">Габарити, мм</td><td>85×64×23</td></tr><tr><td colspan=""2"">Маса, кг</td><td>0,2</td></tr></tbody></table> ",Русский ~ Указатель фаз,Русский ~ Контактный,Русский ~ Напряжение переменного тока ;; Русский ~ чередование фаз
https://001.com.ua/dalnomer-lazernyy-0-03-40m-e-tool-multitest-08-e-next,new,,,https://001.com.ua/media/photos/enext/tools/enext-dalnomer-lazernyy-e-tool-multitest-08-p0470027-photo.jpg,"Дальномер лазерный 0.03-40м e.tool.multitest.08, E.NEXT",Контрольно-измерительный инструмент,E.NEXT,p0470027,p0470027,outofstock,1,12,"1 652,89","Дальномер лазерный 0.03-40м e.tool.multitest.08, E.NEXT","<h2>Описание товара</h2><p>Дальномер лазерный E.NEXT e.tool.multitest.08 является высокоточным электронным прибором для измерения расстояний, площадей и объемов. Предназначен для бытового или аналогичного использования.</p><h3>Комплектность</h3><ul><li>Дальномер лазерный e.tool.multitest.08 - 1 шт.;</li><li>Инструкция по эксплуатации - 1 шт.;</li><li>Чехол - 1 шт.;</li><li>Упаковка - 1 шт.</li></ul><p><b>ИСТОЧНИК ПИТАНИЯ В КОМПЛЕКТЕ НЕ ИДЕТ.</b></p> <h2>Технические характеристики</h2><table><tbody><tr><td>Погрешность измерения, мм</td><td>±1</td></tr><tr><td>Единицы измерения</td><td>метр, фут, дюйм</td></tr><tr><td>Диапазон измерения, м</td><td>0,03-40</td></tr><tr><td>Время измерения, с</td><td>0,1-3</td></tr><tr><td>Тип лазера, нм</td><td>635</td></tr><tr><td>Автоматическое отключение лазера, с</td><td>60</td></tr><tr><td>Автоматическое отключение прибора, с</td><td>480</td></tr><tr><td>Подсветка</td><td>LED</td></tr><tr><td>Индикация заряда источника питания</td><td>Да</td></tr><tr><td>Звуковая сигнализация измерения</td><td>Да</td></tr><tr><td>Хранение данных</td><td>Да</td></tr><tr><td>Хранение максимального и минимального значения измерения</td><td>Да</td></tr><tr><td>Сложение/вычитание</td><td>Да</td></tr><tr><td>Измерение объема, площади, катета прямоугольного треугольника</td><td>Да</td></tr><tr><td>Выключение подсветки</td><td>Да</td></tr><tr><td>Ресурс кнопок, циклов</td><td>10<sup>6</sup></td></tr><tr><td>Тип источника питания</td><td>Батарейка типа ААА 1,5 В — 2 шт.</td></tr><tr><td>Вес, г</td><td>104</td></tr><tr><td>Диапазон рабочих температур, °C</td><td>0...+40</td></tr><tr><td>Диапазон температуры хранения, °C</td><td>-25...+60</td></tr></tbody></table> ","Далекомір лазерний 0.03-40м e.tool.multitest.08, E.NEXT","<h2>Опис товару</h2><p>Далекомір лазерний E.NEXT e.tool.multitest.08 є високоточним електронним приладом для вимірювання відстаней, площ і об'ємів. Призначений для побутового або аналогічного використання.</p><h3>Комплектність</h3><ul><li>Далекомір лазерний e.tool.multitest.08 - 1 шт.;</li><li>Інструкція з експлуатації - 1 шт.;</li><li>Чохол - 1 шт.;</li><li>Упаковка - 1 шт.</li></ul><p><b>ДЖЕРЕЛО ЖИВЛЕННЯ В КОМПЛЕТІ НЕ ЙДЕ.</b></p> <h2>Технічні характеристики</h2><table><tbody><tr><td>Похибка вимірювання, мм</td><td>±1</td></tr><tr><td>Одиниці вимірювання</td><td>метр, фут, дюйм</td></tr><tr><td>Діапазон вимірювання, м</td><td>0,03-40</td></tr><tr><td>Час вимірювання, с</td><td>0,1-3</td></tr><tr><td>Тип лазеру, нм</td><td>635</td></tr><tr><td>Автоматичне вимикання лазеру, с</td><td>60</td></tr><tr><td>Автоматичне вимикання приладу, с</td><td>480</td></tr><tr><td>Підсвічування</td><td>LED</td></tr><tr><td>Індикація заряду джерела живлення</td><td>Так</td></tr><tr><td>Звукова сигналізація виміру</td><td>Так</td></tr><tr><td>Зберігання даних</td><td>Так</td></tr><tr><td>Зберігання максимального та мінімального значення вимірювання</td><td>Так</td></tr><tr><td>Додавання/віднімання</td><td>Так</td></tr><tr><td>Вимірювання об’єму, площі, катету прямокутного трикутника</td><td>Так</td></tr><tr><td>Вимкнення підсвічування</td><td>Так</td></tr><tr><td>Ресурс кнопок, циклів</td><td>10<sup>6</sup></td></tr><tr><td>Тип джерела живлення</td><td>Батарейка типу ААА 1,5В — 2 шт.</td></tr><tr><td>Вага, г</td><td>104</td></tr><tr><td>Діапазон робочої температури, °C</td><td>0...+40</td></tr><tr><td>Діапазон температури зберігання, °C</td><td>-25...+60</td></tr></tbody></table> ",Русский ~ Дальномер,Русский ~ Безконтактный,Русский ~ Объем ;; Русский ~ площадь ;; Русский ~ расстояние
