URL,product_id,Русский slug,Украинский slug,images,item_name,category_name,manufacturer_name,sku,model,stock_status,is_active,warranty,price,Русский title,Русский description,Украинский title,Украинский description,Количество полюсов,Номинальный ток,Тип устройства,Типоразмер
https://001.com.ua/derzhatel-plavkogo-predohranitelya-10x38-mm-na-din-reyku-s-indikatsiey-e-fuse-1038-h1-1p-32-a-e-next,new,,,https://001.com.ua/media/photos/enext/modulnoe/enext-derzhatel-predohranitelya-na-din-reyku-e-fuse-1038-i0300001-photo.jpg ;; https://001.com.ua/media/photos/enext/modulnoe-oborudovanie/predohraniteli-plavkie-modulnye/i0300001-1-photo.jpg ;; https://001.com.ua/media/photos/enext/modulnoe/gabaritnye-razmery-enext-e-fuse-1038-h-photo.jpg,"Держатель плавкого предохранителя 10×38 мм на DIN-рейку с индикацией e.fuse.1038.h1, 1P 32 А, E.NEXT",Предохранители плавкие модульные,E.NEXT,i0300001,i0300001,instock,1,12,"69,49","Держатель плавкого предохранителя 10×38 мм на DIN-рейку с индикацией e.fuse.1038.h1, 1P 32 А, E.NEXT","<h2>Описание товара</h2><p>Предназначены для защиты низковольтных электрических сетей и оборудования от токов перегрузки и короткого замыкания. Соотвествуют Техническому регламенту безопасности низковольтного электрического оборудования в части ДСТУ IEC 60947-1:2008, ДСТУ IEC 60268-1:2009.</p> <h2>Технические характеристики</h2><table><tbody><tr><td>Тип устройства</td><td>держатель</td></tr><tr><td>Номинальный ток, А</td><td>32</td></tr><tr><td>Типоразмер, мм</td><td>10×38</td></tr></tbody></table>","Тримач плавкого запобіжника 10×38 мм на DIN-рейку з індикацією e.fuse.1038.h1, 1P 32 А, E.NEXT","<h2>Опис товару</h2><p>Призначені для захисту низьковольтних електричних мереж і обладнання від струмів перевантаження і короткого замикання. Відповідають Технічному регламенту безпеки низьковольтного електричного обладнання в частині ДСТУ IEC 60947-1:2008, ДСТУ IEC 60268-1:2009.</p> <h2>Технічні характеристики</h2><table><tbody><tr><td>Тип пристрою</td><td>тримач</td></tr><tr><td>Номінальний струм, А</td><td>32</td></tr><tr><td>Типорозмір, мм</td><td>10×38</td></tr></tbody></table>",,Русский ~ 32 ;; Украинский ~ 32,Русский ~ Держатель ;; Украинский ~ Тримач,Русский ~ 10×38 ;; Украинский ~ 10×38
https://001.com.ua/derzhatel-plavkogo-predohranitelya-10x38-mm-na-din-reyku-s-indikatsiey-e-fuse-1038-h2-2p-32-a-e-next,new,,,https://001.com.ua/media/photos/enext/modulnoe/enext-derzhatel-predohranitelya-na-din-reyku-e-fuse-1038-i0300002-photo.jpg ;; https://001.com.ua/media/photos/enext/modulnoe-oborudovanie/predohraniteli-plavkie-modulnye/i0300002-1-photo.jpg ;; https://001.com.ua/media/photos/enext/modulnoe/gabaritnye-razmery-enext-e-fuse-1038-h-photo.jpg,"Держатель плавкого предохранителя 10×38 мм на DIN-рейку с индикацией e.fuse.1038.h2, 2P 32 А, E.NEXT",Предохранители плавкие модульные,E.NEXT,i0300002,i0300002,instock,1,12,"136,48","Держатель плавкого предохранителя 10×38 мм на DIN-рейку с индикацией e.fuse.1038.h2, 2P 32 А, E.NEXT","<h2>Описание товара</h2><p>Предназначены для защиты низковольтных электрических сетей и оборудования от токов перегрузки и короткого замыкания. Соотвествуют Техническому регламенту безопасности низковольтного электрического оборудования в части ДСТУ IEC 60947-1:2008, ДСТУ IEC 60268-1:2009.</p> <h2>Технические характеристики</h2><table><tbody><tr><td>Тип устройства</td><td>держатель</td></tr><tr><td>Номинальный ток, А</td><td>32</td></tr><tr><td>Типоразмер, мм</td><td>10×38</td></tr></tbody></table>","Тримач плавкого запобіжника 10×38 мм на DIN-рейку з індикацією e.fuse.1038.h2, 2P 32 А, E.NEXT","<h2>Опис товару</h2><p>Призначені для захисту низьковольтних електричних мереж і обладнання від струмів перевантаження і короткого замикання. Відповідають Технічному регламенту безпеки низьковольтного електричного обладнання в частині ДСТУ IEC 60947-1:2008, ДСТУ IEC 60268-1:2009.</p> <h2>Технічні характеристики</h2><table><tbody><tr><td>Тип пристрою</td><td>тримач</td></tr><tr><td>Номінальний струм, А</td><td>32</td></tr><tr><td>Типорозмір, мм</td><td>10×38</td></tr></tbody></table>",,Русский ~ 32 ;; Украинский ~ 32,Русский ~ Держатель ;; Украинский ~ Тримач,Русский ~ 10×38 ;; Украинский ~ 10×38
https://001.com.ua/plavkaya-vstavka-predohranitelya-e-fuse-1038-16-10x38-mm-16-a-e-next,new,,,https://001.com.ua/media/photos/enext/modulnoe/enext-predohranitel-e-fuse-1038-i0610017-photo.jpg ;; https://001.com.ua/media/photos/enext/modulnoe/gabaritnye-razmery-enext-e-fuse-1038-photo.jpg,"Плавкая вставка предохранителя e.fuse.1038.16, 10×38 мм 16 А, E.NEXT",Предохранители плавкие модульные,E.NEXT,i0610017,i0610017,instock,1,12,"10,38","Плавкая вставка предохранителя e.fuse.1038.16, 10×38 мм 16 А, E.NEXT","<h2>Описание товара</h2><p>Предназначены для защиты низковольтных электрических сетей и оборудования от токов перегрузки и короткого замыкания. Соотвествуют Техническому регламенту безопасности низковольтного электрического оборудования в части ДСТУ IEC 60947-1:2008, ДСТУ IEC 60268-1:2009.</p> <h2>Технические характеристики</h2><table><tbody><tr><td>Тип устройства</td><td>плавкая вставка</td></tr><tr><td>Номинальный ток, А</td><td>16</td></tr><tr><td>Типоразмер, мм</td><td>10×38</td></tr></tbody></table>","Плавка вставка запобіжника e.fuse.1038.16, 10×38 мм 16 А, E.NEXT","<h2>Опис товару</h2><p>Призначені для захисту низьковольтних електричних мереж і обладнання від струмів перевантаження і короткого замикання. Відповідають Технічному регламенту безпеки низьковольтного електричного обладнання в частині ДСТУ IEC 60947-1:2008, ДСТУ IEC 60268-1:2009.</p> <h2>Технічні характеристики</h2><table><tbody><tr><td>Тип пристрою</td><td>плавка вставка</td></tr><tr><td>Номінальний струм, А</td><td>16</td></tr><tr><td>Типорозмір, мм</td><td>10×38</td></tr></tbody></table>",,Русский ~ 16 ;; Украинский ~ 16,Русский ~ Плавкая вставка ;; Украинский ~ Плавка вставка,Русский ~ 10×38 ;; Украинский ~ 10×38
https://001.com.ua/plavkaya-vstavka-predohranitelya-e-fuse-1038-2-10x38-mm-2-a-e-next,new,,,https://001.com.ua/media/photos/enext/modulnoe/enext-predohranitel-e-fuse-1038-i0610011-photo.jpg ;; https://001.com.ua/media/photos/enext/modulnoe/gabaritnye-razmery-enext-e-fuse-1038-photo.jpg,"Плавкая вставка предохранителя e.fuse.1038.2, 10×38 мм 2 А, E.NEXT",Предохранители плавкие модульные,E.NEXT,i0610011,i0610011,instock,1,12,"10,38","Плавкая вставка предохранителя e.fuse.1038.2, 10×38 мм 2 А, E.NEXT","<h2>Описание товара</h2><p>Предназначены для защиты низковольтных электрических сетей и оборудования от токов перегрузки и короткого замыкания. Соотвествуют Техническому регламенту безопасности низковольтного электрического оборудования в части ДСТУ IEC 60947-1:2008, ДСТУ IEC 60268-1:2009.</p> <h2>Технические характеристики</h2><table><tbody><tr><td>Тип устройства</td><td>плавкая вставка</td></tr><tr><td>Номинальный ток, А</td><td>2</td></tr><tr><td>Типоразмер, мм</td><td>10×38</td></tr></tbody></table>","Плавка вставка запобіжника e.fuse.1038.2, 10×38 мм 2 А, E.NEXT","<h2>Опис товару</h2><p>Призначені для захисту низьковольтних електричних мереж і обладнання від струмів перевантаження і короткого замикання. Відповідають Технічному регламенту безпеки низьковольтного електричного обладнання в частині ДСТУ IEC 60947-1:2008, ДСТУ IEC 60268-1:2009.</p> <h2>Технічні характеристики</h2><table><tbody><tr><td>Тип пристрою</td><td>плавка вставка</td></tr><tr><td>Номінальний струм, А</td><td>2</td></tr><tr><td>Типорозмір, мм</td><td>10×38</td></tr></tbody></table>",,Русский ~ 2 ;; Украинский ~ 2,Русский ~ Плавкая вставка ;; Украинский ~ Плавка вставка,Русский ~ 10×38 ;; Украинский ~ 10×38
https://001.com.ua/plavkaya-vstavka-predohranitelya-e-fuse-1038-6-10x38-mm-6-a-e-next,new,,,https://001.com.ua/media/photos/enext/modulnoe/enext-predohranitel-e-fuse-1038-i0610013-photo.jpg ;; https://001.com.ua/media/photos/enext/modulnoe/gabaritnye-razmery-enext-e-fuse-1038-photo.jpg,"Плавкая вставка предохранителя e.fuse.1038.6, 10×38 мм 6 А, E.NEXT",Предохранители плавкие модульные,E.NEXT,i0610013,i0610013,instock,1,12,"10,38","Плавкая вставка предохранителя e.fuse.1038.6, 10×38 мм 6 А, E.NEXT","<h2>Описание товара</h2><p>Предназначены для защиты низковольтных электрических сетей и оборудования от токов перегрузки и короткого замыкания. Соотвествуют Техническому регламенту безопасности низковольтного электрического оборудования в части ДСТУ IEC 60947-1:2008, ДСТУ IEC 60268-1:2009.</p> <h2>Технические характеристики</h2><table><tbody><tr><td>Тип устройства</td><td>плавкая вставка</td></tr><tr><td>Номинальный ток, А</td><td>6</td></tr><tr><td>Типоразмер, мм</td><td>10×38</td></tr></tbody></table>","Плавка вставка запобіжника e.fuse.1038.6, 10×38 мм 6 А, E.NEXT","<h2>Опис товару</h2><p>Призначені для захисту низьковольтних електричних мереж і обладнання від струмів перевантаження і короткого замикання. Відповідають Технічному регламенту безпеки низьковольтного електричного обладнання в частині ДСТУ IEC 60947-1:2008, ДСТУ IEC 60268-1:2009.</p> <h2>Технічні характеристики</h2><table><tbody><tr><td>Тип пристрою</td><td>плавка вставка</td></tr><tr><td>Номінальний струм, А</td><td>6</td></tr><tr><td>Типорозмір, мм</td><td>10×38</td></tr></tbody></table>",,Русский ~ 6 ;; Украинский ~ 6,Русский ~ Плавкая вставка ;; Украинский ~ Плавка вставка,Русский ~ 10×38 ;; Украинский ~ 10×38
https://001.com.ua/plavkaya-vstavka-predohranitelya-e-fuse-1038-10-10x38-mm-10-a-e-next,new,,,https://001.com.ua/media/photos/enext/modulnoe/enext-predohranitel-e-fuse-1038-i0610015-photo.jpg ;; https://001.com.ua/media/photos/enext/modulnoe/gabaritnye-razmery-enext-e-fuse-1038-photo.jpg,"Плавкая вставка предохранителя e.fuse.1038.10, 10×38 мм 10 А, E.NEXT",Предохранители плавкие модульные,E.NEXT,i0610015,i0610015,instock,1,12,"10,38","Плавкая вставка предохранителя e.fuse.1038.10, 10×38 мм 10 А, E.NEXT","<h2>Описание товара</h2><p>Предназначены для защиты низковольтных электрических сетей и оборудования от токов перегрузки и короткого замыкания. Соотвествуют Техническому регламенту безопасности низковольтного электрического оборудования в части ДСТУ IEC 60947-1:2008, ДСТУ IEC 60268-1:2009.</p> <h2>Технические характеристики</h2><table><tbody><tr><td>Тип устройства</td><td>плавкая вставка</td></tr><tr><td>Номинальный ток, А</td><td>10</td></tr><tr><td>Типоразмер, мм</td><td>10×38</td></tr></tbody></table>","Плавка вставка запобіжника e.fuse.1038.10, 10×38 мм 10 А, E.NEXT","<h2>Опис товару</h2><p>Призначені для захисту низьковольтних електричних мереж і обладнання від струмів перевантаження і короткого замикання. Відповідають Технічному регламенту безпеки низьковольтного електричного обладнання в частині ДСТУ IEC 60947-1:2008, ДСТУ IEC 60268-1:2009.</p> <h2>Технічні характеристики</h2><table><tbody><tr><td>Тип пристрою</td><td>плавка вставка</td></tr><tr><td>Номінальний струм, А</td><td>10</td></tr><tr><td>Типорозмір, мм</td><td>10×38</td></tr></tbody></table>",,Русский ~ 10 ;; Украинский ~ 10,Русский ~ Плавкая вставка ;; Украинский ~ Плавка вставка,Русский ~ 10×38 ;; Украинский ~ 10×38
https://001.com.ua/plavkaya-vstavka-predohranitelya-e-fuse-1038-25-10x38-mm-25-a-e-next,new,,,https://001.com.ua/media/photos/enext/modulnoe/enext-predohranitel-e-fuse-1038-i0610019-photo.jpg ;; https://001.com.ua/media/photos/enext/modulnoe/gabaritnye-razmery-enext-e-fuse-1038-photo.jpg,"Плавкая вставка предохранителя e.fuse.1038.25, 10×38 мм 25 А, E.NEXT",Предохранители плавкие модульные,E.NEXT,i0610019,i0610019,instock,1,12,"10,38","Плавкая вставка предохранителя e.fuse.1038.25, 10×38 мм 25 А, E.NEXT","<h2>Описание товара</h2><p>Предназначены для защиты низковольтных электрических сетей и оборудования от токов перегрузки и короткого замыкания. Соотвествуют Техническому регламенту безопасности низковольтного электрического оборудования в части ДСТУ IEC 60947-1:2008, ДСТУ IEC 60268-1:2009.</p> <h2>Технические характеристики</h2><table><tbody><tr><td>Тип устройства</td><td>плавкая вставка</td></tr><tr><td>Номинальный ток, А</td><td>25</td></tr><tr><td>Типоразмер, мм</td><td>10×38</td></tr></tbody></table>","Плавка вставка запобіжника e.fuse.1038.25, 10×38 мм 25 А, E.NEXT","<h2>Опис товару</h2><p>Призначені для захисту низьковольтних електричних мереж і обладнання від струмів перевантаження і короткого замикання. Відповідають Технічному регламенту безпеки низьковольтного електричного обладнання в частині ДСТУ IEC 60947-1:2008, ДСТУ IEC 60268-1:2009.</p> <h2>Технічні характеристики</h2><table><tbody><tr><td>Тип пристрою</td><td>плавка вставка</td></tr><tr><td>Номінальний струм, А</td><td>25</td></tr><tr><td>Типорозмір, мм</td><td>10×38</td></tr></tbody></table>",,Русский ~ 25 ;; Украинский ~ 25,Русский ~ Плавкая вставка ;; Украинский ~ Плавка вставка,Русский ~ 10×38 ;; Украинский ~ 10×38
https://001.com.ua/derzhatel-plavkogo-predohranitelya-10x38-mm-na-din-reyku-s-indikatsiey-e-fuse-1038-h3-3p-32-a-e-next,new,,,https://001.com.ua/media/photos/enext/modulnoe/enext-derzhatel-predohranitelya-na-din-reyku-e-fuse-1038-i0300003-photo.jpg ;; https://001.com.ua/media/photos/enext/modulnoe-oborudovanie/predohraniteli-plavkie-modulnye/i0300003-1-photo.jpg ;; https://001.com.ua/media/photos/enext/modulnoe-oborudovanie/predohraniteli-plavkie-modulnye/i0300003-2-photo.jpg ;; https://001.com.ua/media/photos/enext/modulnoe-oborudovanie/predohraniteli-plavkie-modulnye/gabaritnye-razmery-i0300003-3-photo.jpg,"Держатель плавкого предохранителя 10×38 мм на DIN-рейку с индикацией e.fuse.1038.h3, 3P 32 А, E.NEXT",Предохранители плавкие модульные,E.NEXT,i0300003,i0300003,instock,1,12,"226,80","Держатель плавкого предохранителя 10×38 мм на DIN-рейку с индикацией e.fuse.1038.h3, 3P 32 А, E.NEXT","<h2>Описание товара</h2><p>Предназначены для защиты низковольтных электрических сетей и оборудования от токов перегрузки и короткого замыкания. Соотвествуют Техническому регламенту безопасности низковольтного электрического оборудования в части ДСТУ IEC 60947-1:2008, ДСТУ IEC 60268-1:2009.</p> <h2>Технические характеристики</h2><table><tbody><tr><td>Тип устройства</td><td>держатель</td></tr><tr><td>Номинальный ток, А</td><td>32</td></tr><tr><td>Типоразмер, мм</td><td>10×38</td></tr></tbody></table>","Тримач плавкого запобіжника 10×38 мм на DIN-рейку з індикацією e.fuse.1038.h3, 3P 32 А, E.NEXT","<h2>Опис товару</h2><p>Призначені для захисту низьковольтних електричних мереж і обладнання від струмів перевантаження і короткого замикання. Відповідають Технічному регламенту безпеки низьковольтного електричного обладнання в частині ДСТУ IEC 60947-1:2008, ДСТУ IEC 60268-1:2009.</p> <h2>Технічні характеристики</h2><table><tbody><tr><td>Тип пристрою</td><td>тримач</td></tr><tr><td>Номінальний струм, А</td><td>32</td></tr><tr><td>Типорозмір, мм</td><td>10×38</td></tr></tbody></table>",,Русский ~ 32 ;; Украинский ~ 32,Русский ~ Держатель ;; Украинский ~ Тримач,Русский ~ 10×38 ;; Украинский ~ 10×38
https://001.com.ua/derzhatel-plavkogo-predohranitelya-14x51-mm-na-din-reyku-s-indikatsiey-e-fuse-1451-h1-1p-63-a-e-next,new,,,https://001.com.ua/media/photos/enext/modulnoe/enext-derzhatel-predohranitelya-na-din-reyku-e-fuse-1451-i0300004-photo.jpg ;; https://001.com.ua/media/photos/enext/modulnoe-oborudovanie/predohraniteli-plavkie-modulnye/i0300004-1-photo.jpg ;; https://001.com.ua/media/photos/enext/modulnoe-oborudovanie/predohraniteli-plavkie-modulnye/i0300004-2-photo.jpg ;; https://001.com.ua/media/photos/enext/modulnoe/gabaritnye-razmery-enext-e-fuse-1451-h-photo.jpg,"Держатель плавкого предохранителя 14×51 мм на DIN-рейку с индикацией e.fuse.1451.h1, 1P 63 А, E.NEXT",Предохранители плавкие модульные,E.NEXT,i0300004,i0300004,instock,1,12,"101,28","Держатель плавкого предохранителя 14×51 мм на DIN-рейку с индикацией e.fuse.1451.h1, 1P 63 А, E.NEXT","<h2>Описание товара</h2><p>Предназначены для защиты низковольтных электрических сетей и оборудования от токов перегрузки и короткого замыкания. Соотвествуют Техническому регламенту безопасности низковольтного электрического оборудования в части ДСТУ IEC 60947-1:2008, ДСТУ IEC 60268-1:2009.</p> <h2>Технические характеристики</h2><table><tbody><tr><td>Тип устройства</td><td>держатель</td></tr><tr><td>Номинальный ток, А</td><td>63</td></tr><tr><td>Типоразмер, мм</td><td>14×51</td></tr></tbody></table>","Тримач плавкого запобіжника 14×51 мм на DIN-рейку з індикацією e.fuse.1451.h1, 1P 63 А, E.NEXT","<h2>Опис товару</h2><p>Призначені для захисту низьковольтних електричних мереж і обладнання від струмів перевантаження і короткого замикання. Відповідають Технічному регламенту безпеки низьковольтного електричного обладнання в частині ДСТУ IEC 60947-1:2008, ДСТУ IEC 60268-1:2009.</p> <h2>Технічні характеристики</h2><table><tbody><tr><td>Тип пристрою</td><td>тримач</td></tr><tr><td>Номінальний струм, А</td><td>63</td></tr><tr><td>Типорозмір, мм</td><td>14×51</td></tr></tbody></table>",,Русский ~ 63 ;; Украинский ~ 63,Русский ~ Держатель ;; Украинский ~ Тримач,Русский ~ 14×51 ;; Украинский ~ 14×51
https://001.com.ua/derzhatel-plavkogo-predohranitelya-14x51-mm-na-din-reyku-s-indikatsiey-e-fuse-1451-h2-2p-63-a-e-next,new,,,https://001.com.ua/media/photos/enext/modulnoe/enext-derzhatel-predohranitelya-na-din-reyku-e-fuse-1451-i0300005-photo.jpg ;; https://001.com.ua/media/photos/enext/modulnoe-oborudovanie/predohraniteli-plavkie-modulnye/i0300005-1-photo.jpg ;; https://001.com.ua/media/photos/enext/modulnoe-oborudovanie/predohraniteli-plavkie-modulnye/i0300005-2-photo.jpg ;; https://001.com.ua/media/photos/enext/modulnoe/gabaritnye-razmery-enext-e-fuse-1451-h-photo.jpg,"Держатель плавкого предохранителя 14×51 мм на DIN-рейку с индикацией e.fuse.1451.h2, 2P 63 А, E.NEXT",Предохранители плавкие модульные,E.NEXT,i0300005,i0300005,instock,1,12,"206,04","Держатель плавкого предохранителя 14×51 мм на DIN-рейку с индикацией e.fuse.1451.h2, 2P 63 А, E.NEXT","<h2>Описание товара</h2><p>Предназначены для защиты низковольтных электрических сетей и оборудования от токов перегрузки и короткого замыкания. Соотвествуют Техническому регламенту безопасности низковольтного электрического оборудования в части ДСТУ IEC 60947-1:2008, ДСТУ IEC 60268-1:2009.</p> <h2>Технические характеристики</h2><table><tbody><tr><td>Тип устройства</td><td>держатель</td></tr><tr><td>Номинальный ток, А</td><td>63</td></tr><tr><td>Типоразмер, мм</td><td>14×51</td></tr></tbody></table>","Тримач плавкого запобіжника 14×51 мм на DIN-рейку з індикацією e.fuse.1451.h2, 2P 63 А, E.NEXT","<h2>Опис товару</h2><p>Призначені для захисту низьковольтних електричних мереж і обладнання від струмів перевантаження і короткого замикання. Відповідають Технічному регламенту безпеки низьковольтного електричного обладнання в частині ДСТУ IEC 60947-1:2008, ДСТУ IEC 60268-1:2009.</p> <h2>Технічні характеристики</h2><table><tbody><tr><td>Тип пристрою</td><td>тримач</td></tr><tr><td>Номінальний струм, А</td><td>63</td></tr><tr><td>Типорозмір, мм</td><td>14×51</td></tr></tbody></table>",,Русский ~ 63 ;; Украинский ~ 63,Русский ~ Держатель ;; Украинский ~ Тримач,Русский ~ 14×51 ;; Украинский ~ 14×51
https://001.com.ua/derzhatel-plavkogo-predohranitelya-14x51-mm-na-din-reyku-s-indikatsiey-e-fuse-1451-h3-3p-63-a-e-next,new,,,https://001.com.ua/media/photos/enext/modulnoe/enext-derzhatel-predohranitelya-na-din-reyku-e-fuse-1451-i0300006-photo.jpg ;; https://001.com.ua/media/photos/enext/modulnoe-oborudovanie/predohraniteli-plavkie-modulnye/i0300006-1-photo.jpg ;; https://001.com.ua/media/photos/enext/modulnoe-oborudovanie/predohraniteli-plavkie-modulnye/i0300006-2-photo.jpg ;; https://001.com.ua/media/photos/enext/modulnoe-oborudovanie/predohraniteli-plavkie-modulnye/i0300006-3-photo.jpg ;; https://001.com.ua/media/photos/enext/modulnoe/gabaritnye-razmery-enext-e-fuse-1451-h-photo.jpg,"Держатель плавкого предохранителя 14×51 мм на DIN-рейку с индикацией e.fuse.1451.h3, 3P 63 А, E.NEXT",Предохранители плавкие модульные,E.NEXT,i0300006,i0300006,instock,1,12,"316,94","Держатель плавкого предохранителя 14×51 мм на DIN-рейку с индикацией e.fuse.1451.h3, 3P 63 А, E.NEXT","<h2>Описание товара</h2><p>Предназначены для защиты низковольтных электрических сетей и оборудования от токов перегрузки и короткого замыкания. Соотвествуют Техническому регламенту безопасности низковольтного электрического оборудования в части ДСТУ IEC 60947-1:2008, ДСТУ IEC 60268-1:2009.</p> <h2>Технические характеристики</h2><table><tbody><tr><td>Тип устройства</td><td>держатель</td></tr><tr><td>Номинальный ток, А</td><td>63</td></tr><tr><td>Типоразмер, мм</td><td>14×51</td></tr></tbody></table>","Тримач плавкого запобіжника 14×51 мм на DIN-рейку з індикацією e.fuse.1451.h3, 3P 63 А, E.NEXT","<h2>Опис товару</h2><p>Призначені для захисту низьковольтних електричних мереж і обладнання від струмів перевантаження і короткого замикання. Відповідають Технічному регламенту безпеки низьковольтного електричного обладнання в частині ДСТУ IEC 60947-1:2008, ДСТУ IEC 60268-1:2009.</p> <h2>Технічні характеристики</h2><table><tbody><tr><td>Тип пристрою</td><td>тримач</td></tr><tr><td>Номінальний струм, А</td><td>63</td></tr><tr><td>Типорозмір, мм</td><td>14×51</td></tr></tbody></table>",,Русский ~ 63 ;; Украинский ~ 63,Русский ~ Держатель ;; Украинский ~ Тримач,Русский ~ 14×51 ;; Украинский ~ 14×51
https://001.com.ua/plavkaya-vstavka-predohranitelya-e-fuse-1038-4-10x38-mm-4-a-e-next,new,,,https://001.com.ua/media/photos/enext/modulnoe/enext-predohranitel-e-fuse-1038-i0610012-photo.jpg ;; https://001.com.ua/media/photos/enext/modulnoe/gabaritnye-razmery-enext-e-fuse-1038-photo.jpg,"Плавкая вставка предохранителя e.fuse.1038.4, 10×38 мм 4 А, E.NEXT",Предохранители плавкие модульные,E.NEXT,i0610012,i0610012,instock,1,12,"10,38","Плавкая вставка предохранителя e.fuse.1038.4, 10×38 мм 4 А, E.NEXT","<h2>Описание товара</h2><p>Предназначены для защиты низковольтных электрических сетей и оборудования от токов перегрузки и короткого замыкания. Соотвествуют Техническому регламенту безопасности низковольтного электрического оборудования в части ДСТУ IEC 60947-1:2008, ДСТУ IEC 60268-1:2009.</p> <h2>Технические характеристики</h2><table><tbody><tr><td>Тип устройства</td><td>плавкая вставка</td></tr><tr><td>Номинальный ток, А</td><td>4</td></tr><tr><td>Типоразмер, мм</td><td>10×38</td></tr></tbody></table>","Плавка вставка запобіжника e.fuse.1038.4, 10×38 мм 4 А, E.NEXT","<h2>Опис товару</h2><p>Призначені для захисту низьковольтних електричних мереж і обладнання від струмів перевантаження і короткого замикання. Відповідають Технічному регламенту безпеки низьковольтного електричного обладнання в частині ДСТУ IEC 60947-1:2008, ДСТУ IEC 60268-1:2009.</p> <h2>Технічні характеристики</h2><table><tbody><tr><td>Тип пристрою</td><td>плавка вставка</td></tr><tr><td>Номінальний струм, А</td><td>4</td></tr><tr><td>Типорозмір, мм</td><td>10×38</td></tr></tbody></table>",,Русский ~ 4 ;; Украинский ~ 4,Русский ~ Плавкая вставка ;; Украинский ~ Плавка вставка,Русский ~ 10×38 ;; Украинский ~ 10×38
https://001.com.ua/plavkaya-vstavka-predohranitelya-e-fuse-1038-20-10x38-mm-20-a-e-next,new,,,https://001.com.ua/media/photos/enext/modulnoe/enext-predohranitel-e-fuse-1038-i0610018-photo.jpg ;; https://001.com.ua/media/photos/enext/modulnoe/gabaritnye-razmery-enext-e-fuse-1038-photo.jpg,"Плавкая вставка предохранителя e.fuse.1038.20, 10×38 мм 20 А, E.NEXT",Предохранители плавкие модульные,E.NEXT,i0610018,i0610018,instock,1,12,"10,38","Плавкая вставка предохранителя e.fuse.1038.20, 10×38 мм 20 А, E.NEXT","<h2>Описание товара</h2><p>Предназначены для защиты низковольтных электрических сетей и оборудования от токов перегрузки и короткого замыкания. Соотвествуют Техническому регламенту безопасности низковольтного электрического оборудования в части ДСТУ IEC 60947-1:2008, ДСТУ IEC 60268-1:2009.</p> <h2>Технические характеристики</h2><table><tbody><tr><td>Тип устройства</td><td>плавкая вставка</td></tr><tr><td>Номинальный ток, А</td><td>20</td></tr><tr><td>Типоразмер, мм</td><td>10×38</td></tr></tbody></table>","Плавка вставка запобіжника e.fuse.1038.20, 10×38 мм 20 А, E.NEXT","<h2>Опис товару</h2><p>Призначені для захисту низьковольтних електричних мереж і обладнання від струмів перевантаження і короткого замикання. Відповідають Технічному регламенту безпеки низьковольтного електричного обладнання в частині ДСТУ IEC 60947-1:2008, ДСТУ IEC 60268-1:2009.</p> <h2>Технічні характеристики</h2><table><tbody><tr><td>Тип пристрою</td><td>плавка вставка</td></tr><tr><td>Номінальний струм, А</td><td>20</td></tr><tr><td>Типорозмір, мм</td><td>10×38</td></tr></tbody></table>",,Русский ~ 20 ;; Украинский ~ 20,Русский ~ Плавкая вставка ;; Украинский ~ Плавка вставка,Русский ~ 10×38 ;; Украинский ~ 10×38
https://001.com.ua/plavkaya-vstavka-predohranitelya-e-fuse-1038-32-10x38-mm-32-a-e-next,new,,,https://001.com.ua/media/photos/enext/modulnoe/enext-predohranitel-e-fuse-1038-i0610021-photo.jpg ;; https://001.com.ua/media/photos/enext/modulnoe/gabaritnye-razmery-enext-e-fuse-1038-photo.jpg,"Плавкая вставка предохранителя e.fuse.1038.32, 10×38 мм 32 А, E.NEXT",Предохранители плавкие модульные,E.NEXT,i0610021,i0610021,instock,1,12,"10,38","Плавкая вставка предохранителя e.fuse.1038.32, 10×38 мм 32 А, E.NEXT","<h2>Описание товара</h2><p>Предназначены для защиты низковольтных электрических сетей и оборудования от токов перегрузки и короткого замыкания. Соотвествуют Техническому регламенту безопасности низковольтного электрического оборудования в части ДСТУ IEC 60947-1:2008, ДСТУ IEC 60268-1:2009.</p> <h2>Технические характеристики</h2><table><tbody><tr><td>Тип устройства</td><td>плавкая вставка</td></tr><tr><td>Номинальный ток, А</td><td>32</td></tr><tr><td>Типоразмер, мм</td><td>10×38</td></tr></tbody></table>","Плавка вставка запобіжника e.fuse.1038.32, 10×38 мм 32 А, E.NEXT","<h2>Опис товару</h2><p>Призначені для захисту низьковольтних електричних мереж і обладнання від струмів перевантаження і короткого замикання. Відповідають Технічному регламенту безпеки низьковольтного електричного обладнання в частині ДСТУ IEC 60947-1:2008, ДСТУ IEC 60268-1:2009.</p> <h2>Технічні характеристики</h2><table><tbody><tr><td>Тип пристрою</td><td>плавка вставка</td></tr><tr><td>Номінальний струм, А</td><td>32</td></tr><tr><td>Типорозмір, мм</td><td>10×38</td></tr></tbody></table>",,Русский ~ 32 ;; Украинский ~ 32,Русский ~ Плавкая вставка ;; Украинский ~ Плавка вставка,Русский ~ 10×38 ;; Украинский ~ 10×38
https://001.com.ua/plavkaya-vstavka-predohranitelya-e-fuse-1451-25-14x51-mm-25-a-e-next,new,,,https://001.com.ua/media/photos/enext/modulnoe/enext-predohranitel-e-fuse-1451-i0610020-photo.jpg ;; https://001.com.ua/media/photos/enext/modulnoe/gabaritnye-razmery-enext-e-fuse-1451-photo.jpg,"Плавкая вставка предохранителя e.fuse.1451.25, 14×51 мм 25 А, E.NEXT",Предохранители плавкие модульные,E.NEXT,i0610020,i0610020,instock,1,12,"21,86","Плавкая вставка предохранителя e.fuse.1451.25, 14×51 мм 25 А, E.NEXT","<h2>Описание товара</h2><p>Предназначены для защиты низковольтных электрических сетей и оборудования от токов перегрузки и короткого замыкания. Соотвествуют Техническому регламенту безопасности низковольтного электрического оборудования в части ДСТУ IEC 60947-1:2008, ДСТУ IEC 60268-1:2009.</p> <h2>Технические характеристики</h2><table><tbody><tr><td>Тип устройства</td><td>плавкая вставка</td></tr><tr><td>Номинальный ток, А</td><td>25</td></tr><tr><td>Типоразмер, мм</td><td>14×51</td></tr></tbody></table>","Плавка вставка запобіжника e.fuse.1451.25, 14×51 мм 25 А, E.NEXT","<h2>Опис товару</h2><p>Призначені для захисту низьковольтних електричних мереж і обладнання від струмів перевантаження і короткого замикання. Відповідають Технічному регламенту безпеки низьковольтного електричного обладнання в частині ДСТУ IEC 60947-1:2008, ДСТУ IEC 60268-1:2009.</p> <h2>Технічні характеристики</h2><table><tbody><tr><td>Тип пристрою</td><td>плавка вставка</td></tr><tr><td>Номінальний струм, А</td><td>25</td></tr><tr><td>Типорозмір, мм</td><td>14×51</td></tr></tbody></table>",,Русский ~ 25 ;; Украинский ~ 25,Русский ~ Плавкая вставка ;; Украинский ~ Плавка вставка,Русский ~ 14×51 ;; Украинский ~ 14×51
https://001.com.ua/plavkaya-vstavka-predohranitelya-e-fuse-1451-40-14x51-mm-40-a-e-next,new,,,https://001.com.ua/media/photos/enext/modulnoe/enext-predohranitel-e-fuse-1451-i0610023-photo.jpg ;; https://001.com.ua/media/photos/enext/modulnoe/gabaritnye-razmery-enext-e-fuse-1451-photo.jpg,"Плавкая вставка предохранителя e.fuse.1451.40, 14×51 мм 40 А, E.NEXT",Предохранители плавкие модульные,E.NEXT,i0610023,i0610023,instock,1,12,"21,86","Плавкая вставка предохранителя e.fuse.1451.40, 14×51 мм 40 А, E.NEXT","<h2>Описание товара</h2><p>Предназначены для защиты низковольтных электрических сетей и оборудования от токов перегрузки и короткого замыкания. Соотвествуют Техническому регламенту безопасности низковольтного электрического оборудования в части ДСТУ IEC 60947-1:2008, ДСТУ IEC 60268-1:2009.</p> <h2>Технические характеристики</h2><table><tbody><tr><td>Тип устройства</td><td>плавкая вставка</td></tr><tr><td>Номинальный ток, А</td><td>40</td></tr><tr><td>Типоразмер, мм</td><td>14×51</td></tr></tbody></table>","Плавка вставка запобіжника e.fuse.1451.40, 14×51 мм 40 А, E.NEXT","<h2>Опис товару</h2><p>Призначені для захисту низьковольтних електричних мереж і обладнання від струмів перевантаження і короткого замикання. Відповідають Технічному регламенту безпеки низьковольтного електричного обладнання в частині ДСТУ IEC 60947-1:2008, ДСТУ IEC 60268-1:2009.</p> <h2>Технічні характеристики</h2><table><tbody><tr><td>Тип пристрою</td><td>плавка вставка</td></tr><tr><td>Номінальний струм, А</td><td>40</td></tr><tr><td>Типорозмір, мм</td><td>14×51</td></tr></tbody></table>",,Русский ~ 40 ;; Украинский ~ 40,Русский ~ Плавкая вставка ;; Украинский ~ Плавка вставка,Русский ~ 14×51 ;; Украинский ~ 14×51
https://001.com.ua/plavkaya-vstavka-predohranitelya-e-fuse-1451-50-14x51-mm-50-a-e-next,new,,,https://001.com.ua/media/photos/enext/modulnoe/enext-predohranitel-e-fuse-1451-i0610024-photo.jpg ;; https://001.com.ua/media/photos/enext/modulnoe/gabaritnye-razmery-enext-e-fuse-1451-photo.jpg,"Плавкая вставка предохранителя e.fuse.1451.50, 14×51 мм 50 А, E.NEXT",Предохранители плавкие модульные,E.NEXT,i0610024,i0610024,instock,1,12,"21,86","Плавкая вставка предохранителя e.fuse.1451.50, 14×51 мм 50 А, E.NEXT","<h2>Описание товара</h2><p>Предназначены для защиты низковольтных электрических сетей и оборудования от токов перегрузки и короткого замыкания. Соотвествуют Техническому регламенту безопасности низковольтного электрического оборудования в части ДСТУ IEC 60947-1:2008, ДСТУ IEC 60268-1:2009.</p> <h2>Технические характеристики</h2><table><tbody><tr><td>Тип устройства</td><td>плавкая вставка</td></tr><tr><td>Номинальный ток, А</td><td>50</td></tr><tr><td>Типоразмер, мм</td><td>14×51</td></tr></tbody></table>","Плавка вставка запобіжника e.fuse.1451.50, 14×51 мм 50 А, E.NEXT","<h2>Опис товару</h2><p>Призначені для захисту низьковольтних електричних мереж і обладнання від струмів перевантаження і короткого замикання. Відповідають Технічному регламенту безпеки низьковольтного електричного обладнання в частині ДСТУ IEC 60947-1:2008, ДСТУ IEC 60268-1:2009.</p> <h2>Технічні характеристики</h2><table><tbody><tr><td>Тип пристрою</td><td>плавка вставка</td></tr><tr><td>Номінальний струм, А</td><td>50</td></tr><tr><td>Типорозмір, мм</td><td>14×51</td></tr></tbody></table>",,Русский ~ 50 ;; Украинский ~ 50,Русский ~ Плавкая вставка ;; Украинский ~ Плавка вставка,Русский ~ 14×51 ;; Украинский ~ 14×51
https://001.com.ua/plavkaya-vstavka-predohranitelya-e-fuse-1451-63-14x51-mm-63-a-e-next,new,,,https://001.com.ua/media/photos/enext/modulnoe/enext-predohranitel-e-fuse-1451-i0610025-photo.jpg ;; https://001.com.ua/media/photos/enext/modulnoe/gabaritnye-razmery-enext-e-fuse-1451-photo.jpg,"Плавкая вставка предохранителя e.fuse.1451.63, 14×51 мм 63 А, E.NEXT",Предохранители плавкие модульные,E.NEXT,i0610025,i0610025,instock,1,12,"21,86","Плавкая вставка предохранителя e.fuse.1451.63, 14×51 мм 63 А, E.NEXT","<h2>Описание товара</h2><p>Предназначены для защиты низковольтных электрических сетей и оборудования от токов перегрузки и короткого замыкания. Соотвествуют Техническому регламенту безопасности низковольтного электрического оборудования в части ДСТУ IEC 60947-1:2008, ДСТУ IEC 60268-1:2009.</p> <h2>Технические характеристики</h2><table><tbody><tr><td>Тип устройства</td><td>плавкая вставка</td></tr><tr><td>Номинальный ток, А</td><td>63</td></tr><tr><td>Типоразмер, мм</td><td>14×51</td></tr></tbody></table>","Плавка вставка запобіжника e.fuse.1451.63, 14×51 мм 63 А, E.NEXT","<h2>Опис товару</h2><p>Призначені для захисту низьковольтних електричних мереж і обладнання від струмів перевантаження і короткого замикання. Відповідають Технічному регламенту безпеки низьковольтного електричного обладнання в частині ДСТУ IEC 60947-1:2008, ДСТУ IEC 60268-1:2009.</p> <h2>Технічні характеристики</h2><table><tbody><tr><td>Тип пристрою</td><td>плавка вставка</td></tr><tr><td>Номінальний струм, А</td><td>63</td></tr><tr><td>Типорозмір, мм</td><td>14×51</td></tr></tbody></table>",,Русский ~ 63 ;; Украинский ~ 63,Русский ~ Плавкая вставка ;; Украинский ~ Плавка вставка,Русский ~ 14×51 ;; Украинский ~ 14×51
https://001.com.ua/plavkaya-vstavka-predohranitelya-e-fuse-1451-32-14x51-mm-32-a-e-next,new,,,https://001.com.ua/media/photos/enext/modulnoe/enext-predohranitel-e-fuse-1451-i0610022-photo.jpg ;; https://001.com.ua/media/photos/enext/modulnoe/gabaritnye-razmery-enext-e-fuse-1451-photo.jpg,"Плавкая вставка предохранителя e.fuse.1451.32, 14×51 мм 32 А, E.NEXT",Предохранители плавкие модульные,E.NEXT,i0610022,i0610022,instock,1,12,"21,86","Плавкая вставка предохранителя e.fuse.1451.32, 14×51 мм 32 А, E.NEXT","<h2>Описание товара</h2><p>Предназначены для защиты низковольтных электрических сетей и оборудования от токов перегрузки и короткого замыкания. Соотвествуют Техническому регламенту безопасности низковольтного электрического оборудования в части ДСТУ IEC 60947-1:2008, ДСТУ IEC 60268-1:2009.</p> <h2>Технические характеристики</h2><table><tbody><tr><td>Тип устройства</td><td>плавкая вставка</td></tr><tr><td>Номинальный ток, А</td><td>32</td></tr><tr><td>Типоразмер, мм</td><td>14×51</td></tr></tbody></table>","Плавка вставка запобіжника e.fuse.1451.32, 14×51 мм 32 А, E.NEXT","<h2>Опис товару</h2><p>Призначені для захисту низьковольтних електричних мереж і обладнання від струмів перевантаження і короткого замикання. Відповідають Технічному регламенту безпеки низьковольтного електричного обладнання в частині ДСТУ IEC 60947-1:2008, ДСТУ IEC 60268-1:2009.</p> <h2>Технічні характеристики</h2><table><tbody><tr><td>Тип пристрою</td><td>плавка вставка</td></tr><tr><td>Номінальний струм, А</td><td>32</td></tr><tr><td>Типорозмір, мм</td><td>14×51</td></tr></tbody></table>",,Русский ~ 32 ;; Украинский ~ 32,Русский ~ Плавкая вставка ;; Украинский ~ Плавка вставка,Русский ~ 14×51 ;; Украинский ~ 14×51
https://001.com.ua/plavkaya-vstavka-predohranitelya-e-fuse-1038-8-10x38-mm-8-a-e-next,new,,,https://001.com.ua/media/photos/enext/modulnoe/enext-predohranitel-e-fuse-1038-i0610014-photo.jpg ;; https://001.com.ua/media/photos/enext/modulnoe/gabaritnye-razmery-enext-e-fuse-1038-photo.jpg,"Плавкая вставка предохранителя e.fuse.1038.8, 10×38 мм 8 А, E.NEXT",Предохранители плавкие модульные,E.NEXT,i0610014,i0610014,instock,1,12,"10,38","Плавкая вставка предохранителя e.fuse.1038.8, 10×38 мм 8 А, E.NEXT","<h2>Описание товара</h2><p>Предназначены для защиты низковольтных электрических сетей и оборудования от токов перегрузки и короткого замыкания. Соотвествуют Техническому регламенту безопасности низковольтного электрического оборудования в части ДСТУ IEC 60947-1:2008, ДСТУ IEC 60268-1:2009.</p> <h2>Технические характеристики</h2><table><tbody><tr><td>Тип устройства</td><td>плавкая вставка</td></tr><tr><td>Номинальный ток, А</td><td>8</td></tr><tr><td>Типоразмер, мм</td><td>10×38</td></tr></tbody></table>","Плавка вставка запобіжника e.fuse.1038.8, 10×38 мм 8 А, E.NEXT","<h2>Опис товару</h2><p>Призначені для захисту низьковольтних електричних мереж і обладнання від струмів перевантаження і короткого замикання. Відповідають Технічному регламенту безпеки низьковольтного електричного обладнання в частині ДСТУ IEC 60947-1:2008, ДСТУ IEC 60268-1:2009.</p> <h2>Технічні характеристики</h2><table><tbody><tr><td>Тип пристрою</td><td>плавка вставка</td></tr><tr><td>Номінальний струм, А</td><td>8</td></tr><tr><td>Типорозмір, мм</td><td>10×38</td></tr></tbody></table>",,Русский ~ 8 ;; Украинский ~ 8,Русский ~ Плавкая вставка ;; Украинский ~ Плавка вставка,Русский ~ 10×38 ;; Украинский ~ 10×38
https://001.com.ua/plavkaya-vstavka-predohranitelya-e-fuse-1038-13-10x38-mm-13-a-e-next,new,,,https://001.com.ua/media/photos/enext/modulnoe/enext-predohranitel-e-fuse-1038-i0610016-photo.jpg ;; https://001.com.ua/media/photos/enext/modulnoe/gabaritnye-razmery-enext-e-fuse-1038-photo.jpg,"Плавкая вставка предохранителя e.fuse.1038.13, 10×38 мм 13 А, E.NEXT",Предохранители плавкие модульные,E.NEXT,i0610016,i0610016,instock,1,12,"10,38","Плавкая вставка предохранителя e.fuse.1038.13, 10×38 мм 13 А, E.NEXT","<h2>Описание товара</h2><p>Предназначены для защиты низковольтных электрических сетей и оборудования от токов перегрузки и короткого замыкания. Соотвествуют Техническому регламенту безопасности низковольтного электрического оборудования в части ДСТУ IEC 60947-1:2008, ДСТУ IEC 60268-1:2009.</p> <h2>Технические характеристики</h2><table><tbody><tr><td>Тип устройства</td><td>плавкая вставка</td></tr><tr><td>Номинальный ток, А</td><td>13</td></tr><tr><td>Типоразмер, мм</td><td>10×38</td></tr></tbody></table>","Плавка вставка запобіжника e.fuse.1038.13, 10×38 мм 13 А, E.NEXT","<h2>Опис товару</h2><p>Призначені для захисту низьковольтних електричних мереж і обладнання від струмів перевантаження і короткого замикання. Відповідають Технічному регламенту безпеки низьковольтного електричного обладнання в частині ДСТУ IEC 60947-1:2008, ДСТУ IEC 60268-1:2009.</p> <h2>Технічні характеристики</h2><table><tbody><tr><td>Тип пристрою</td><td>плавка вставка</td></tr><tr><td>Номінальний струм, А</td><td>13</td></tr><tr><td>Типорозмір, мм</td><td>10×38</td></tr></tbody></table>",,Русский ~ 13 ;; Украинский ~ 13,Русский ~ Плавкая вставка ;; Украинский ~ Плавка вставка,Русский ~ 10×38 ;; Украинский ~ 10×38
https://001.com.ua/derzhatel-plavkogo-predohranitelya-10x38-mm-na-din-reyku-s-indikatsiey-pr32-1p-32-a-iek,new,,,https://001.com.ua/media/photos/iek/modulnoe/iek-predohranitel-razyedinitel-s-indikatsiyey-pr32-1p-photo.jpg ;; https://001.com.ua/media/photos/iek/modulnoe/gabaritnye-razmery-iek-pr32-photo.jpg,"Держатель плавкого предохранителя 10×38 мм на DIN-рейку с индикацией ПР32 1P 32 А, IEK",Предохранители плавкие модульные,IEK,CFH01-32S,CFH01-32S,outofstock,1,12,"82,05","Держатель плавкого предохранителя 10×38 мм на DIN-рейку с индикацией ПР32 1P 32 А, IEK","<h2>Описание товара</h2><p>Предохранители-разъединители ПР и плавкие вставки ПВЦ IEK® предназначены для защиты кабельных линий, а также бытового и промышленного оборудования от перегрузок и коротких замыканий.</p> <h2>Технические характеристики</h2><table><tbody><tr><td>Тип устройства</td><td>держатель</td></tr><tr><td>Номинальный ток, А</td><td>32</td></tr><tr><td>Типоразмер, мм</td><td>10×38</td></tr></tbody></table>","Тримач плавкого запобіжника 10×38 мм на DIN-рейку з індикацією ПР32 1P 32 А, IEK","<h2>Опис товару</h2><p>Запобіжники-роз'єднувачі ПР і плавкі вставки ПВЦ IEK® призначені для захисту кабельних ліній, а також побутового та промислового обладнання від перевантажень і коротких замикань.</p> <h2>Технічні характеристики</h2><table><tbody><tr><td>Тип пристрою</td><td>тримач</td></tr><tr><td>Номінальний струм, А</td><td>32</td></tr><tr><td>Типорозмір, мм</td><td>10×38</td></tr></tbody></table>",,Русский ~ 32 ;; Украинский ~ 32,Русский ~ Держатель ;; Украинский ~ Тримач,Русский ~ 10×38 ;; Украинский ~ 10×38
https://001.com.ua/derzhatel-plavkogo-predohranitelya-10x38-mm-na-din-reyku-s-indikatsiey-pr32-3p-32-a-iek,new,,,https://001.com.ua/media/photos/iek/modulnoe/iek-predohranitel-razyedinitel-s-indikatsiyey-pr32-3p-photo.jpg ;; https://001.com.ua/media/photos/iek/modulnoe/gabaritnye-razmery-iek-pr32-photo.jpg,"Держатель плавкого предохранителя 10×38 мм на DIN-рейку с индикацией ПР32 3P 32 А, IEK",Предохранители плавкие модульные,IEK,CFH03-32S,CFH03-32S,outofstock,1,12,"242,91","Держатель плавкого предохранителя 10×38 мм на DIN-рейку с индикацией ПР32 3P 32 А, IEK","<h2>Описание товара</h2><p>Предохранители-разъединители ПР и плавкие вставки ПВЦ IEK® предназначены для защиты кабельных линий, а также бытового и промышленного оборудования от перегрузок и коротких замыканий.</p> <h2>Технические характеристики</h2><table><tbody><tr><td>Тип устройства</td><td>держатель</td></tr><tr><td>Номинальный ток, А</td><td>32</td></tr><tr><td>Типоразмер, мм</td><td>10×38</td></tr></tbody></table>","Тримач плавкого запобіжника 10×38 мм на DIN-рейку з індикацією ПР32 3P 32 А, IEK","<h2>Опис товару</h2><p>Запобіжники-роз'єднувачі ПР і плавкі вставки ПВЦ IEK® призначені для захисту кабельних ліній, а також побутового та промислового обладнання від перевантажень і коротких замикань.</p> <h2>Технічні характеристики</h2><table><tbody><tr><td>Тип пристрою</td><td>тримач</td></tr><tr><td>Номінальний струм, А</td><td>32</td></tr><tr><td>Типорозмір, мм</td><td>10×38</td></tr></tbody></table>",,Русский ~ 32 ;; Украинский ~ 32,Русский ~ Держатель ;; Украинский ~ Тримач,Русский ~ 10×38 ;; Украинский ~ 10×38
https://001.com.ua/plavkaya-vstavka-predohranitelya-pvts-10x38-mm-4-a-iek,new,,,https://001.com.ua/media/photos/iek/modulnoe/iek-plavkaya-vstavka-tsilindricheskaya-pvc-photo.jpg ;; https://001.com.ua/media/photos/iek/modulnoe/gabaritnye-razmery-iek-pvc-photo.jpg,"Плавкая вставка предохранителя ПВЦ 10×38 мм 4 А, IEK",Предохранители плавкие модульные,IEK,CFL10-004,CFL10-004,outofstock,1,12,ERROR,"Плавкая вставка предохранителя ПВЦ 10×38 мм 4 А, IEK","<h2>Описание товара</h2><p>Предохранители-разъединители ПР и плавкие вставки ПВЦ IEK® предназначены для защиты кабельных линий, а также бытового и промышленного оборудования от перегрузок и коротких замыканий.</p> <h2>Технические характеристики</h2><table><tbody><tr><td>Тип устройства</td><td>плавкая вставка</td></tr><tr><td>Номинальный ток, А</td><td>4</td></tr><tr><td>Типоразмер, мм</td><td>10×38</td></tr></tbody></table>","Плавка вставка запобіжника ПВЦ 10×38 мм 4 А, IEK","<h2>Опис товару</h2><p>Запобіжники-роз'єднувачі ПР і плавкі вставки ПВЦ IEK® призначені для захисту кабельних ліній, а також побутового та промислового обладнання від перевантажень і коротких замикань.</p> <h2>Технічні характеристики</h2><table><tbody><tr><td>Тип пристрою</td><td>плавка вставка</td></tr><tr><td>Номінальний струм, А</td><td>4</td></tr><tr><td>Типорозмір, мм</td><td>10×38</td></tr></tbody></table>",,Русский ~ 4 ;; Украинский ~ 4,Русский ~ Плавкая вставка ;; Украинский ~ Плавка вставка,Русский ~ 10×38 ;; Украинский ~ 10×38
https://001.com.ua/plavkaya-vstavka-predohranitelya-pvts-10x38-mm-8-a-iek,new,,,https://001.com.ua/media/photos/iek/modulnoe/iek-plavkaya-vstavka-tsilindricheskaya-pvc-photo.jpg ;; https://001.com.ua/media/photos/iek/modulnoe/gabaritnye-razmery-iek-pvc-photo.jpg,"Плавкая вставка предохранителя ПВЦ 10×38 мм 8 А, IEK",Предохранители плавкие модульные,IEK,CFL10-008,CFL10-008,outofstock,1,12,ERROR,"Плавкая вставка предохранителя ПВЦ 10×38 мм 8 А, IEK","<h2>Описание товара</h2><p>Предохранители-разъединители ПР и плавкие вставки ПВЦ IEK® предназначены для защиты кабельных линий, а также бытового и промышленного оборудования от перегрузок и коротких замыканий.</p> <h2>Технические характеристики</h2><table><tbody><tr><td>Тип устройства</td><td>плавкая вставка</td></tr><tr><td>Номинальный ток, А</td><td>8</td></tr><tr><td>Типоразмер, мм</td><td>10×38</td></tr></tbody></table>","Плавка вставка запобіжника ПВЦ 10×38 мм 8 А, IEK","<h2>Опис товару</h2><p>Запобіжники-роз'єднувачі ПР і плавкі вставки ПВЦ IEK® призначені для захисту кабельних ліній, а також побутового та промислового обладнання від перевантажень і коротких замикань.</p> <h2>Технічні характеристики</h2><table><tbody><tr><td>Тип пристрою</td><td>плавка вставка</td></tr><tr><td>Номінальний струм, А</td><td>8</td></tr><tr><td>Типорозмір, мм</td><td>10×38</td></tr></tbody></table>",,Русский ~ 8 ;; Украинский ~ 8,Русский ~ Плавкая вставка ;; Украинский ~ Плавка вставка,Русский ~ 10×38 ;; Украинский ~ 10×38
https://001.com.ua/plavkaya-vstavka-predohranitelya-pvts-10x38-mm-10-a-iek,new,,,https://001.com.ua/media/photos/iek/modulnoe/iek-plavkaya-vstavka-tsilindricheskaya-pvc-photo.jpg ;; https://001.com.ua/media/photos/iek/modulnoe/gabaritnye-razmery-iek-pvc-photo.jpg,"Плавкая вставка предохранителя ПВЦ 10×38 мм 10 А, IEK",Предохранители плавкие модульные,IEK,CFL10-010,CFL10-010,outofstock,1,12,"11,07","Плавкая вставка предохранителя ПВЦ 10×38 мм 10 А, IEK","<h2>Описание товара</h2><p>Предохранители-разъединители ПР и плавкие вставки ПВЦ IEK® предназначены для защиты кабельных линий, а также бытового и промышленного оборудования от перегрузок и коротких замыканий.</p> <h2>Технические характеристики</h2><table><tbody><tr><td>Тип устройства</td><td>плавкая вставка</td></tr><tr><td>Номинальный ток, А</td><td>10</td></tr><tr><td>Типоразмер, мм</td><td>10×38</td></tr></tbody></table>","Плавка вставка запобіжника ПВЦ 10×38 мм 10 А, IEK","<h2>Опис товару</h2><p>Запобіжники-роз'єднувачі ПР і плавкі вставки ПВЦ IEK® призначені для захисту кабельних ліній, а також побутового та промислового обладнання від перевантажень і коротких замикань.</p> <h2>Технічні характеристики</h2><table><tbody><tr><td>Тип пристрою</td><td>плавка вставка</td></tr><tr><td>Номінальний струм, А</td><td>10</td></tr><tr><td>Типорозмір, мм</td><td>10×38</td></tr></tbody></table>",,Русский ~ 10 ;; Украинский ~ 10,Русский ~ Плавкая вставка ;; Украинский ~ Плавка вставка,Русский ~ 10×38 ;; Украинский ~ 10×38
https://001.com.ua/plavkaya-vstavka-predohranitelya-pvts-10x38-mm-16-a-iek,new,,,https://001.com.ua/media/photos/iek/modulnoe/iek-plavkaya-vstavka-tsilindricheskaya-pvc-photo.jpg ;; https://001.com.ua/media/photos/iek/modulnoe/gabaritnye-razmery-iek-pvc-photo.jpg,"Плавкая вставка предохранителя ПВЦ 10×38 мм 16 А, IEK",Предохранители плавкие модульные,IEK,CFL10-016,CFL10-016,outofstock,1,12,ERROR,"Плавкая вставка предохранителя ПВЦ 10×38 мм 16 А, IEK","<h2>Описание товара</h2><p>Предохранители-разъединители ПР и плавкие вставки ПВЦ IEK® предназначены для защиты кабельных линий, а также бытового и промышленного оборудования от перегрузок и коротких замыканий.</p> <h2>Технические характеристики</h2><table><tbody><tr><td>Тип устройства</td><td>плавкая вставка</td></tr><tr><td>Номинальный ток, А</td><td>16</td></tr><tr><td>Типоразмер, мм</td><td>10×38</td></tr></tbody></table>","Плавка вставка запобіжника ПВЦ 10×38 мм 16 А, IEK","<h2>Опис товару</h2><p>Запобіжники-роз'єднувачі ПР і плавкі вставки ПВЦ IEK® призначені для захисту кабельних ліній, а також побутового та промислового обладнання від перевантажень і коротких замикань.</p> <h2>Технічні характеристики</h2><table><tbody><tr><td>Тип пристрою</td><td>плавка вставка</td></tr><tr><td>Номінальний струм, А</td><td>16</td></tr><tr><td>Типорозмір, мм</td><td>10×38</td></tr></tbody></table>",,Русский ~ 16 ;; Украинский ~ 16,Русский ~ Плавкая вставка ;; Украинский ~ Плавка вставка,Русский ~ 10×38 ;; Украинский ~ 10×38
https://001.com.ua/plavkaya-vstavka-predohranitelya-pvts-10x38-mm-25-a-iek,new,,,https://001.com.ua/media/photos/iek/modulnoe/iek-plavkaya-vstavka-tsilindricheskaya-pvc-photo.jpg ;; https://001.com.ua/media/photos/iek/modulnoe/gabaritnye-razmery-iek-pvc-photo.jpg,"Плавкая вставка предохранителя ПВЦ 10×38 мм 25 А, IEK",Предохранители плавкие модульные,IEK,CFL10-025,CFL10-025,outofstock,1,12,ERROR,"Плавкая вставка предохранителя ПВЦ 10×38 мм 25 А, IEK","<h2>Описание товара</h2><p>Предохранители-разъединители ПР и плавкие вставки ПВЦ IEK® предназначены для защиты кабельных линий, а также бытового и промышленного оборудования от перегрузок и коротких замыканий.</p> <h2>Технические характеристики</h2><table><tbody><tr><td>Тип устройства</td><td>плавкая вставка</td></tr><tr><td>Номинальный ток, А</td><td>25</td></tr><tr><td>Типоразмер, мм</td><td>10×38</td></tr></tbody></table>","Плавка вставка запобіжника ПВЦ 10×38 мм 25 А, IEK","<h2>Опис товару</h2><p>Запобіжники-роз'єднувачі ПР і плавкі вставки ПВЦ IEK® призначені для захисту кабельних ліній, а також побутового та промислового обладнання від перевантажень і коротких замикань.</p> <h2>Технічні характеристики</h2><table><tbody><tr><td>Тип пристрою</td><td>плавка вставка</td></tr><tr><td>Номінальний струм, А</td><td>25</td></tr><tr><td>Типорозмір, мм</td><td>10×38</td></tr></tbody></table>",,Русский ~ 25 ;; Украинский ~ 25,Русский ~ Плавкая вставка ;; Украинский ~ Плавка вставка,Русский ~ 10×38 ;; Украинский ~ 10×38
https://001.com.ua/plavkaya-vstavka-predohranitelya-e-industrial-fuse-10-38-10-10x38-mm-10-a-e-next,new,,,https://001.com.ua/media/photos/enext/modulnoe/enext-predohranitel-e-industrial-fuse-10-38-i0610005-photo.jpg ;; https://001.com.ua/media/photos/enext/modulnoe/gabaritnye-razmery-enext-e-industrial-fuse-10-38-photo.jpg,"Плавкая вставка предохранителя e.industrial.fuse.10.38.10, 10×38 мм 10 А, E.NEXT",Предохранители плавкие модульные,E.NEXT,i0610005,i0610005,instock,1,12,ERROR,"Плавкая вставка предохранителя e.industrial.fuse.10.38.10, 10×38 мм 10 А, E.NEXT","<h2>Описание товара</h2><p>Предназначены для защиты низковольтных электрических сетей и оборудования от токов перегрузки и короткого замыкания. Соотвествуют Техническому регламенту безопасности низковольтного электрического оборудования в части ДСТУ IEC 60947-1:2008, ДСТУ EN 60269-2-2001.</p> <h2>Технические характеристики</h2><table><tbody><tr><td>Тип устройства</td><td>плавкая вставка</td></tr><tr><td>Номинальный ток, А</td><td>10</td></tr><tr><td>Типоразмер, мм</td><td>10×38</td></tr></tbody></table>","Плавка вставка запобіжника e.industrial.fuse.10.38.10, 10×38 мм 10 А, E.NEXT","<h2>Опис товару</h2><p>Призначені для захисту низьковольтних електричних мереж і обладнання від струмів перевантаження і короткого замикання. Відповідають Технічному регламенту безпеки низьковольтного електричного обладнання в частині ДСТУ IEC 60947-1:2008, ДСТУ EN 60269-2-2001.</p> <h2>Технічні характеристики</h2><table><tbody><tr><td>Тип пристрою</td><td>плавка вставка</td></tr><tr><td>Номінальний струм, А</td><td>10</td></tr><tr><td>Типорозмір, мм</td><td>10×38</td></tr></tbody></table>",,Русский ~ 10 ;; Украинский ~ 10,Русский ~ Плавкая вставка ;; Украинский ~ Плавка вставка,Русский ~ 10×38 ;; Украинский ~ 10×38
https://001.com.ua/plavkaya-vstavka-predohranitelya-e-industrial-fuse-10-38-16-10x38-mm-16-a-e-next,new,,,https://001.com.ua/media/photos/enext/modulnoe/enext-predohranitel-e-industrial-fuse-10-38-i0610007-photo.jpg ;; https://001.com.ua/media/photos/enext/modulnoe/gabaritnye-razmery-enext-e-industrial-fuse-10-38-photo.jpg,"Плавкая вставка предохранителя e.industrial.fuse.10.38.16, 10×38 мм 16 А, E.NEXT",Предохранители плавкие модульные,E.NEXT,i0610007,i0610007,instock,1,12,ERROR,"Плавкая вставка предохранителя e.industrial.fuse.10.38.16, 10×38 мм 16 А, E.NEXT","<h2>Описание товара</h2><p>Предназначены для защиты низковольтных электрических сетей и оборудования от токов перегрузки и короткого замыкания. Соотвествуют Техническому регламенту безопасности низковольтного электрического оборудования в части ДСТУ IEC 60947-1:2008, ДСТУ EN 60269-2-2001.</p> <h2>Технические характеристики</h2><table><tbody><tr><td>Тип устройства</td><td>плавкая вставка</td></tr><tr><td>Номинальный ток, А</td><td>16</td></tr><tr><td>Типоразмер, мм</td><td>10×38</td></tr></tbody></table>","Плавка вставка запобіжника e.industrial.fuse.10.38.16, 10×38 мм 16 А, E.NEXT","<h2>Опис товару</h2><p>Призначені для захисту низьковольтних електричних мереж і обладнання від струмів перевантаження і короткого замикання. Відповідають Технічному регламенту безпеки низьковольтного електричного обладнання в частині ДСТУ IEC 60947-1:2008, ДСТУ EN 60269-2-2001.</p> <h2>Технічні характеристики</h2><table><tbody><tr><td>Тип пристрою</td><td>плавка вставка</td></tr><tr><td>Номінальний струм, А</td><td>16</td></tr><tr><td>Типорозмір, мм</td><td>10×38</td></tr></tbody></table>",,Русский ~ 16 ;; Украинский ~ 16,Русский ~ Плавкая вставка ;; Украинский ~ Плавка вставка,Русский ~ 10×38 ;; Украинский ~ 10×38
https://001.com.ua/plavkaya-vstavka-predohranitelya-e-industrial-fuse-10-38-25-10x38-mm-25-a-e-next,new,,,https://001.com.ua/media/photos/enext/modulnoe/enext-predohranitel-e-industrial-fuse-10-38-i0610009-photo.jpg ;; https://001.com.ua/media/photos/enext/modulnoe/gabaritnye-razmery-enext-e-industrial-fuse-10-38-photo.jpg,"Плавкая вставка предохранителя e.industrial.fuse.10.38.25, 10×38 мм 25 А, E.NEXT",Предохранители плавкие модульные,E.NEXT,i0610009,i0610009,instock,1,12,ERROR,"Плавкая вставка предохранителя e.industrial.fuse.10.38.25, 10×38 мм 25 А, E.NEXT","<h2>Описание товара</h2><p>Предназначены для защиты низковольтных электрических сетей и оборудования от токов перегрузки и короткого замыкания. Соотвествуют Техническому регламенту безопасности низковольтного электрического оборудования в части ДСТУ IEC 60947-1:2008, ДСТУ EN 60269-2-2001.</p> <h2>Технические характеристики</h2><table><tbody><tr><td>Тип устройства</td><td>плавкая вставка</td></tr><tr><td>Номинальный ток, А</td><td>25</td></tr><tr><td>Типоразмер, мм</td><td>10×38</td></tr></tbody></table>","Плавка вставка запобіжника e.industrial.fuse.10.38.25, 10×38 мм 25 А, E.NEXT","<h2>Опис товару</h2><p>Призначені для захисту низьковольтних електричних мереж і обладнання від струмів перевантаження і короткого замикання. Відповідають Технічному регламенту безпеки низьковольтного електричного обладнання в частині ДСТУ IEC 60947-1:2008, ДСТУ EN 60269-2-2001.</p> <h2>Технічні характеристики</h2><table><tbody><tr><td>Тип пристрою</td><td>плавка вставка</td></tr><tr><td>Номінальний струм, А</td><td>25</td></tr><tr><td>Типорозмір, мм</td><td>10×38</td></tr></tbody></table>",,Русский ~ 25 ;; Украинский ~ 25,Русский ~ Плавкая вставка ;; Украинский ~ Плавка вставка,Русский ~ 10×38 ;; Украинский ~ 10×38
https://001.com.ua/derzhatel-plavkogo-predohranitelya-10x38-mm-na-din-reyku-s-indikatsiey-pr32-2p-32-a-iek,new,,,https://001.com.ua/media/photos/iek/modulnoe/iek-predohranitel-razyedinitel-s-indikatsiyey-pr32-2p-photo.jpg ;; https://001.com.ua/media/photos/iek/modulnoe/gabaritnye-razmery-iek-pr32-photo.jpg,"Держатель плавкого предохранителя 10×38 мм на DIN-рейку с индикацией ПР32 2P 32 А, IEK",Предохранители плавкие модульные,IEK,CFH02-32S,CFH02-32S,outofstock,1,12,ERROR,"Держатель плавкого предохранителя 10×38 мм на DIN-рейку с индикацией ПР32 2P 32 А, IEK","<h2>Описание товара</h2><p>Предохранители-разъединители ПР и плавкие вставки ПВЦ IEK® предназначены для защиты кабельных линий, а также бытового и промышленного оборудования от перегрузок и коротких замыканий.</p> <h2>Технические характеристики</h2><table><tbody><tr><td>Тип устройства</td><td>держатель</td></tr><tr><td>Номинальный ток, А</td><td>32</td></tr><tr><td>Типоразмер, мм</td><td>10×38</td></tr></tbody></table>","Тримач плавкого запобіжника 10×38 мм на DIN-рейку з індикацією ПР32 2P 32 А, IEK","<h2>Опис товару</h2><p>Запобіжники-роз'єднувачі ПР і плавкі вставки ПВЦ IEK® призначені для захисту кабельних ліній, а також побутового та промислового обладнання від перевантажень і коротких замикань.</p> <h2>Технічні характеристики</h2><table><tbody><tr><td>Тип пристрою</td><td>тримач</td></tr><tr><td>Номінальний струм, А</td><td>32</td></tr><tr><td>Типорозмір, мм</td><td>10×38</td></tr></tbody></table>",,Русский ~ 32 ;; Украинский ~ 32,Русский ~ Держатель ;; Украинский ~ Тримач,Русский ~ 10×38 ;; Украинский ~ 10×38
https://001.com.ua/plavkaya-vstavka-predohranitelya-pvts-10x38-mm-0-5-a-iek,new,,,https://001.com.ua/media/photos/iek/modulnoe/iek-plavkaya-vstavka-tsilindricheskaya-pvc-photo.jpg ;; https://001.com.ua/media/photos/iek/modulnoe/gabaritnye-razmery-iek-pvc-photo.jpg,"Плавкая вставка предохранителя ПВЦ 10×38 мм 0.5 А, IEK",Предохранители плавкие модульные,IEK,CFL10-0005,CFL10-0005,outofstock,1,12,ERROR,"Плавкая вставка предохранителя ПВЦ 10×38 мм 0.5 А, IEK","<h2>Описание товара</h2><p>Предохранители-разъединители ПР и плавкие вставки ПВЦ IEK® предназначены для защиты кабельных линий, а также бытового и промышленного оборудования от перегрузок и коротких замыканий.</p> <h2>Технические характеристики</h2><table><tbody><tr><td>Тип устройства</td><td>плавкая вставка</td></tr><tr><td>Номинальный ток, А</td><td>0,5</td></tr><tr><td>Типоразмер, мм</td><td>10×38</td></tr></tbody></table>","Плавка вставка запобіжника ПВЦ 10×38 мм 0.5 А, IEK","<h2>Опис товару</h2><p>Запобіжники-роз'єднувачі ПР і плавкі вставки ПВЦ IEK® призначені для захисту кабельних ліній, а також побутового та промислового обладнання від перевантажень і коротких замикань.</p> <h2>Технічні характеристики</h2><table><tbody><tr><td>Тип пристрою</td><td>плавка вставка</td></tr><tr><td>Номінальний струм, А</td><td>0,5</td></tr><tr><td>Типорозмір, мм</td><td>10×38</td></tr></tbody></table>",,"Русский ~ 0,5 ;; Украинский ~ 0,5",Русский ~ Плавкая вставка ;; Украинский ~ Плавка вставка,Русский ~ 10×38 ;; Украинский ~ 10×38
https://001.com.ua/plavkaya-vstavka-predohranitelya-pvts-10x38-mm-1-a-iek,new,,,https://001.com.ua/media/photos/iek/modulnoe/iek-plavkaya-vstavka-tsilindricheskaya-pvc-photo.jpg ;; https://001.com.ua/media/photos/iek/modulnoe/gabaritnye-razmery-iek-pvc-photo.jpg,"Плавкая вставка предохранителя ПВЦ 10×38 мм 1 А, IEK",Предохранители плавкие модульные,IEK,CFL10-001,CFL10-001,outofstock,1,12,ERROR,"Плавкая вставка предохранителя ПВЦ 10×38 мм 1 А, IEK","<h2>Описание товара</h2><p>Предохранители-разъединители ПР и плавкие вставки ПВЦ IEK® предназначены для защиты кабельных линий, а также бытового и промышленного оборудования от перегрузок и коротких замыканий.</p> <h2>Технические характеристики</h2><table><tbody><tr><td>Тип устройства</td><td>плавкая вставка</td></tr><tr><td>Номинальный ток, А</td><td>1</td></tr><tr><td>Типоразмер, мм</td><td>10×38</td></tr></tbody></table>","Плавка вставка запобіжника ПВЦ 10×38 мм 1 А, IEK","<h2>Опис товару</h2><p>Запобіжники-роз'єднувачі ПР і плавкі вставки ПВЦ IEK® призначені для захисту кабельних ліній, а також побутового та промислового обладнання від перевантажень і коротких замикань.</p> <h2>Технічні характеристики</h2><table><tbody><tr><td>Тип пристрою</td><td>плавка вставка</td></tr><tr><td>Номінальний струм, А</td><td>1</td></tr><tr><td>Типорозмір, мм</td><td>10×38</td></tr></tbody></table>",,Русский ~ 1 ;; Украинский ~ 1,Русский ~ Плавкая вставка ;; Украинский ~ Плавка вставка,Русский ~ 10×38 ;; Украинский ~ 10×38
https://001.com.ua/plavkaya-vstavka-predohranitelya-pvts-10x38-mm-2-a-iek,new,,,https://001.com.ua/media/photos/iek/modulnoe/iek-plavkaya-vstavka-tsilindricheskaya-pvc-photo.jpg ;; https://001.com.ua/media/photos/iek/modulnoe/gabaritnye-razmery-iek-pvc-photo.jpg,"Плавкая вставка предохранителя ПВЦ 10×38 мм 2 А, IEK",Предохранители плавкие модульные,IEK,CFL10-002,CFL10-002,outofstock,1,12,ERROR,"Плавкая вставка предохранителя ПВЦ 10×38 мм 2 А, IEK","<h2>Описание товара</h2><p>Предохранители-разъединители ПР и плавкие вставки ПВЦ IEK® предназначены для защиты кабельных линий, а также бытового и промышленного оборудования от перегрузок и коротких замыканий.</p> <h2>Технические характеристики</h2><table><tbody><tr><td>Тип устройства</td><td>плавкая вставка</td></tr><tr><td>Номинальный ток, А</td><td>2</td></tr><tr><td>Типоразмер, мм</td><td>10×38</td></tr></tbody></table>","Плавка вставка запобіжника ПВЦ 10×38 мм 2 А, IEK","<h2>Опис товару</h2><p>Запобіжники-роз'єднувачі ПР і плавкі вставки ПВЦ IEK® призначені для захисту кабельних ліній, а також побутового та промислового обладнання від перевантажень і коротких замикань.</p> <h2>Технічні характеристики</h2><table><tbody><tr><td>Тип пристрою</td><td>плавка вставка</td></tr><tr><td>Номінальний струм, А</td><td>2</td></tr><tr><td>Типорозмір, мм</td><td>10×38</td></tr></tbody></table>",,Русский ~ 2 ;; Украинский ~ 2,Русский ~ Плавкая вставка ;; Украинский ~ Плавка вставка,Русский ~ 10×38 ;; Украинский ~ 10×38
https://001.com.ua/plavkaya-vstavka-predohranitelya-pvts-10x38-mm-6-a-iek,new,,,https://001.com.ua/media/photos/iek/modulnoe/iek-plavkaya-vstavka-tsilindricheskaya-pvc-photo.jpg ;; https://001.com.ua/media/photos/iek/modulnoe/gabaritnye-razmery-iek-pvc-photo.jpg,"Плавкая вставка предохранителя ПВЦ 10×38 мм 6 А, IEK",Предохранители плавкие модульные,IEK,CFL10-006,CFL10-006,outofstock,1,12,ERROR,"Плавкая вставка предохранителя ПВЦ 10×38 мм 6 А, IEK","<h2>Описание товара</h2><p>Предохранители-разъединители ПР и плавкие вставки ПВЦ IEK® предназначены для защиты кабельных линий, а также бытового и промышленного оборудования от перегрузок и коротких замыканий.</p> <h2>Технические характеристики</h2><table><tbody><tr><td>Тип устройства</td><td>плавкая вставка</td></tr><tr><td>Номинальный ток, А</td><td>6</td></tr><tr><td>Типоразмер, мм</td><td>10×38</td></tr></tbody></table>","Плавка вставка запобіжника ПВЦ 10×38 мм 6 А, IEK","<h2>Опис товару</h2><p>Запобіжники-роз'єднувачі ПР і плавкі вставки ПВЦ IEK® призначені для захисту кабельних ліній, а також побутового та промислового обладнання від перевантажень і коротких замикань.</p> <h2>Технічні характеристики</h2><table><tbody><tr><td>Тип пристрою</td><td>плавка вставка</td></tr><tr><td>Номінальний струм, А</td><td>6</td></tr><tr><td>Типорозмір, мм</td><td>10×38</td></tr></tbody></table>",,Русский ~ 6 ;; Украинский ~ 6,Русский ~ Плавкая вставка ;; Украинский ~ Плавка вставка,Русский ~ 10×38 ;; Украинский ~ 10×38
https://001.com.ua/plavkaya-vstavka-predohranitelya-pvts-10x38-mm-12-a-iek,new,,,https://001.com.ua/media/photos/iek/modulnoe/iek-plavkaya-vstavka-tsilindricheskaya-pvc-photo.jpg ;; https://001.com.ua/media/photos/iek/modulnoe/gabaritnye-razmery-iek-pvc-photo.jpg,"Плавкая вставка предохранителя ПВЦ 10×38 мм 12 А, IEK",Предохранители плавкие модульные,IEK,CFL10-012,CFL10-012,outofstock,1,12,ERROR,"Плавкая вставка предохранителя ПВЦ 10×38 мм 12 А, IEK","<h2>Описание товара</h2><p>Предохранители-разъединители ПР и плавкие вставки ПВЦ IEK® предназначены для защиты кабельных линий, а также бытового и промышленного оборудования от перегрузок и коротких замыканий.</p> <h2>Технические характеристики</h2><table><tbody><tr><td>Тип устройства</td><td>плавкая вставка</td></tr><tr><td>Номинальный ток, А</td><td>12</td></tr><tr><td>Типоразмер, мм</td><td>10×38</td></tr></tbody></table>","Плавка вставка запобіжника ПВЦ 10×38 мм 12 А, IEK","<h2>Опис товару</h2><p>Запобіжники-роз'єднувачі ПР і плавкі вставки ПВЦ IEK® призначені для захисту кабельних ліній, а також побутового та промислового обладнання від перевантажень і коротких замикань.</p> <h2>Технічні характеристики</h2><table><tbody><tr><td>Тип пристрою</td><td>плавка вставка</td></tr><tr><td>Номінальний струм, А</td><td>12</td></tr><tr><td>Типорозмір, мм</td><td>10×38</td></tr></tbody></table>",,Русский ~ 12 ;; Украинский ~ 12,Русский ~ Плавкая вставка ;; Украинский ~ Плавка вставка,Русский ~ 10×38 ;; Украинский ~ 10×38
https://001.com.ua/plavkaya-vstavka-predohranitelya-pvts-10x38-mm-20-a-iek,new,,,https://001.com.ua/media/photos/iek/modulnoe/iek-plavkaya-vstavka-tsilindricheskaya-pvc-photo.jpg ;; https://001.com.ua/media/photos/iek/modulnoe/gabaritnye-razmery-iek-pvc-photo.jpg,"Плавкая вставка предохранителя ПВЦ 10×38 мм 20 А, IEK",Предохранители плавкие модульные,IEK,CFL10-020,CFL10-020,outofstock,1,12,ERROR,"Плавкая вставка предохранителя ПВЦ 10×38 мм 20 А, IEK","<h2>Описание товара</h2><p>Предохранители-разъединители ПР и плавкие вставки ПВЦ IEK® предназначены для защиты кабельных линий, а также бытового и промышленного оборудования от перегрузок и коротких замыканий.</p> <h2>Технические характеристики</h2><table><tbody><tr><td>Тип устройства</td><td>плавкая вставка</td></tr><tr><td>Номинальный ток, А</td><td>20</td></tr><tr><td>Типоразмер, мм</td><td>10×38</td></tr></tbody></table>","Плавка вставка запобіжника ПВЦ 10×38 мм 20 А, IEK","<h2>Опис товару</h2><p>Запобіжники-роз'єднувачі ПР і плавкі вставки ПВЦ IEK® призначені для захисту кабельних ліній, а також побутового та промислового обладнання від перевантажень і коротких замикань.</p> <h2>Технічні характеристики</h2><table><tbody><tr><td>Тип пристрою</td><td>плавка вставка</td></tr><tr><td>Номінальний струм, А</td><td>20</td></tr><tr><td>Типорозмір, мм</td><td>10×38</td></tr></tbody></table>",,Русский ~ 20 ;; Украинский ~ 20,Русский ~ Плавкая вставка ;; Украинский ~ Плавка вставка,Русский ~ 10×38 ;; Украинский ~ 10×38
https://001.com.ua/plavkaya-vstavka-predohranitelya-pvts-10x38-mm-32-a-iek,new,,,https://001.com.ua/media/photos/iek/modulnoe/iek-plavkaya-vstavka-tsilindricheskaya-pvc-photo.jpg ;; https://001.com.ua/media/photos/iek/modulnoe/gabaritnye-razmery-iek-pvc-photo.jpg,"Плавкая вставка предохранителя ПВЦ 10×38 мм 32 А, IEK",Предохранители плавкие модульные,IEK,CFL10-032,CFL10-032,outofstock,1,12,ERROR,"Плавкая вставка предохранителя ПВЦ 10×38 мм 32 А, IEK","<h2>Описание товара</h2><p>Предохранители-разъединители ПР и плавкие вставки ПВЦ IEK® предназначены для защиты кабельных линий, а также бытового и промышленного оборудования от перегрузок и коротких замыканий.</p> <h2>Технические характеристики</h2><table><tbody><tr><td>Тип устройства</td><td>плавкая вставка</td></tr><tr><td>Номинальный ток, А</td><td>32</td></tr><tr><td>Типоразмер, мм</td><td>10×38</td></tr></tbody></table>","Плавка вставка запобіжника ПВЦ 10×38 мм 32 А, IEK","<h2>Опис товару</h2><p>Запобіжники-роз'єднувачі ПР і плавкі вставки ПВЦ IEK® призначені для захисту кабельних ліній, а також побутового та промислового обладнання від перевантажень і коротких замикань.</p> <h2>Технічні характеристики</h2><table><tbody><tr><td>Тип пристрою</td><td>плавка вставка</td></tr><tr><td>Номінальний струм, А</td><td>32</td></tr><tr><td>Типорозмір, мм</td><td>10×38</td></tr></tbody></table>",,Русский ~ 32 ;; Украинский ~ 32,Русский ~ Плавкая вставка ;; Украинский ~ Плавка вставка,Русский ~ 10×38 ;; Украинский ~ 10×38
https://001.com.ua/plavkaya-vstavka-predohranitelya-e-industrial-fuse-10-38-2-10x38-mm-2-a-e-next,new,,,https://001.com.ua/media/photos/enext/modulnoe/enext-predohranitel-e-industrial-fuse-10-38-i0610001-photo.jpg ;; https://001.com.ua/media/photos/enext/modulnoe/gabaritnye-razmery-enext-e-industrial-fuse-10-38-photo.jpg,"Плавкая вставка предохранителя e.industrial.fuse.10.38.2, 10×38 мм 2 А, E.NEXT",Предохранители плавкие модульные,E.NEXT,i0610001,i0610001,instock,1,12,ERROR,"Плавкая вставка предохранителя e.industrial.fuse.10.38.2, 10×38 мм 2 А, E.NEXT","<h2>Описание товара</h2><p>Предназначены для защиты низковольтных электрических сетей и оборудования от токов перегрузки и короткого замыкания. Соотвествуют Техническому регламенту безопасности низковольтного электрического оборудования в части ДСТУ IEC 60947-1:2008, ДСТУ EN 60269-2-2001.</p> <h2>Технические характеристики</h2><table><tbody><tr><td>Тип устройства</td><td>плавкая вставка</td></tr><tr><td>Номинальный ток, А</td><td>2</td></tr><tr><td>Типоразмер, мм</td><td>10×38</td></tr></tbody></table>","Плавка вставка запобіжника e.industrial.fuse.10.38.2, 10×38 мм 2 А, E.NEXT","<h2>Опис товару</h2><p>Призначені для захисту низьковольтних електричних мереж і обладнання від струмів перевантаження і короткого замикання. Відповідають Технічному регламенту безпеки низьковольтного електричного обладнання в частині ДСТУ IEC 60947-1:2008, ДСТУ EN 60269-2-2001.</p> <h2>Технічні характеристики</h2><table><tbody><tr><td>Тип пристрою</td><td>плавка вставка</td></tr><tr><td>Номінальний струм, А</td><td>2</td></tr><tr><td>Типорозмір, мм</td><td>10×38</td></tr></tbody></table>",,Русский ~ 2 ;; Украинский ~ 2,Русский ~ Плавкая вставка ;; Украинский ~ Плавка вставка,Русский ~ 10×38 ;; Украинский ~ 10×38
https://001.com.ua/plavkaya-vstavka-predohranitelya-e-industrial-fuse-10-38-4-10x38-mm-4-a-e-next,new,,,https://001.com.ua/media/photos/enext/modulnoe/enext-predohranitel-e-industrial-fuse-10-38-i0610002-photo.jpg ;; https://001.com.ua/media/photos/enext/modulnoe/gabaritnye-razmery-enext-e-industrial-fuse-10-38-photo.jpg,"Плавкая вставка предохранителя e.industrial.fuse.10.38.4, 10×38 мм 4 А, E.NEXT",Предохранители плавкие модульные,E.NEXT,i0610002,i0610002,instock,1,12,ERROR,"Плавкая вставка предохранителя e.industrial.fuse.10.38.4, 10×38 мм 4 А, E.NEXT","<h2>Описание товара</h2><p>Предназначены для защиты низковольтных электрических сетей и оборудования от токов перегрузки и короткого замыкания. Соотвествуют Техническому регламенту безопасности низковольтного электрического оборудования в части ДСТУ IEC 60947-1:2008, ДСТУ EN 60269-2-2001.</p> <h2>Технические характеристики</h2><table><tbody><tr><td>Тип устройства</td><td>плавкая вставка</td></tr><tr><td>Номинальный ток, А</td><td>4</td></tr><tr><td>Типоразмер, мм</td><td>10×38</td></tr></tbody></table>","Плавка вставка запобіжника e.industrial.fuse.10.38.4, 10×38 мм 4 А, E.NEXT","<h2>Опис товару</h2><p>Призначені для захисту низьковольтних електричних мереж і обладнання від струмів перевантаження і короткого замикання. Відповідають Технічному регламенту безпеки низьковольтного електричного обладнання в частині ДСТУ IEC 60947-1:2008, ДСТУ EN 60269-2-2001.</p> <h2>Технічні характеристики</h2><table><tbody><tr><td>Тип пристрою</td><td>плавка вставка</td></tr><tr><td>Номінальний струм, А</td><td>4</td></tr><tr><td>Типорозмір, мм</td><td>10×38</td></tr></tbody></table>",,Русский ~ 4 ;; Украинский ~ 4,Русский ~ Плавкая вставка ;; Украинский ~ Плавка вставка,Русский ~ 10×38 ;; Украинский ~ 10×38
https://001.com.ua/plavkaya-vstavka-predohranitelya-e-industrial-fuse-10-38-6-10x38-mm-6-a-e-next,new,,,https://001.com.ua/media/photos/enext/modulnoe/enext-predohranitel-e-industrial-fuse-10-38-i0610003-photo.jpg ;; https://001.com.ua/media/photos/enext/modulnoe/gabaritnye-razmery-enext-e-industrial-fuse-10-38-photo.jpg,"Плавкая вставка предохранителя e.industrial.fuse.10.38.6, 10×38 мм 6 А, E.NEXT",Предохранители плавкие модульные,E.NEXT,i0610003,i0610003,instock,1,12,ERROR,"Плавкая вставка предохранителя e.industrial.fuse.10.38.6, 10×38 мм 6 А, E.NEXT","<h2>Описание товара</h2><p>Предназначены для защиты низковольтных электрических сетей и оборудования от токов перегрузки и короткого замыкания. Соотвествуют Техническому регламенту безопасности низковольтного электрического оборудования в части ДСТУ IEC 60947-1:2008, ДСТУ EN 60269-2-2001.</p> <h2>Технические характеристики</h2><table><tbody><tr><td>Тип устройства</td><td>плавкая вставка</td></tr><tr><td>Номинальный ток, А</td><td>6</td></tr><tr><td>Типоразмер, мм</td><td>10×38</td></tr></tbody></table>","Плавка вставка запобіжника e.industrial.fuse.10.38.6, 10×38 мм 6 А, E.NEXT","<h2>Опис товару</h2><p>Призначені для захисту низьковольтних електричних мереж і обладнання від струмів перевантаження і короткого замикання. Відповідають Технічному регламенту безпеки низьковольтного електричного обладнання в частині ДСТУ IEC 60947-1:2008, ДСТУ EN 60269-2-2001.</p> <h2>Технічні характеристики</h2><table><tbody><tr><td>Тип пристрою</td><td>плавка вставка</td></tr><tr><td>Номінальний струм, А</td><td>6</td></tr><tr><td>Типорозмір, мм</td><td>10×38</td></tr></tbody></table>",,Русский ~ 6 ;; Украинский ~ 6,Русский ~ Плавкая вставка ;; Украинский ~ Плавка вставка,Русский ~ 10×38 ;; Украинский ~ 10×38
https://001.com.ua/plavkaya-vstavka-predohranitelya-e-industrial-fuse-10-38-8-10x38-mm-8-a-e-next,new,,,https://001.com.ua/media/photos/enext/modulnoe/enext-predohranitel-e-industrial-fuse-10-38-i0610004-photo.jpg ;; https://001.com.ua/media/photos/enext/modulnoe/gabaritnye-razmery-enext-e-industrial-fuse-10-38-photo.jpg,"Плавкая вставка предохранителя e.industrial.fuse.10.38.8, 10×38 мм 8 А, E.NEXT",Предохранители плавкие модульные,E.NEXT,i0610004,i0610004,instock,1,12,ERROR,"Плавкая вставка предохранителя e.industrial.fuse.10.38.8, 10×38 мм 8 А, E.NEXT","<h2>Описание товара</h2><p>Предназначены для защиты низковольтных электрических сетей и оборудования от токов перегрузки и короткого замыкания. Соотвествуют Техническому регламенту безопасности низковольтного электрического оборудования в части ДСТУ IEC 60947-1:2008, ДСТУ EN 60269-2-2001.</p> <h2>Технические характеристики</h2><table><tbody><tr><td>Тип устройства</td><td>плавкая вставка</td></tr><tr><td>Номинальный ток, А</td><td>8</td></tr><tr><td>Типоразмер, мм</td><td>10×38</td></tr></tbody></table>","Плавка вставка запобіжника e.industrial.fuse.10.38.8, 10×38 мм 8 А, E.NEXT","<h2>Опис товару</h2><p>Призначені для захисту низьковольтних електричних мереж і обладнання від струмів перевантаження і короткого замикання. Відповідають Технічному регламенту безпеки низьковольтного електричного обладнання в частині ДСТУ IEC 60947-1:2008, ДСТУ EN 60269-2-2001.</p> <h2>Технічні характеристики</h2><table><tbody><tr><td>Тип пристрою</td><td>плавка вставка</td></tr><tr><td>Номінальний струм, А</td><td>8</td></tr><tr><td>Типорозмір, мм</td><td>10×38</td></tr></tbody></table>",,Русский ~ 8 ;; Украинский ~ 8,Русский ~ Плавкая вставка ;; Украинский ~ Плавка вставка,Русский ~ 10×38 ;; Украинский ~ 10×38
https://001.com.ua/plavkaya-vstavka-predohranitelya-e-industrial-fuse-10-38-13-10x38-mm-13-a-e-next,new,,,https://001.com.ua/media/photos/enext/modulnoe/enext-predohranitel-e-industrial-fuse-10-38-i0610006-photo.jpg ;; https://001.com.ua/media/photos/enext/modulnoe/gabaritnye-razmery-enext-e-industrial-fuse-10-38-photo.jpg,"Плавкая вставка предохранителя e.industrial.fuse.10.38.13, 10×38 мм 13 А, E.NEXT",Предохранители плавкие модульные,E.NEXT,i0610006,i0610006,instock,1,12,ERROR,"Плавкая вставка предохранителя e.industrial.fuse.10.38.13, 10×38 мм 13 А, E.NEXT","<h2>Описание товара</h2><p>Предназначены для защиты низковольтных электрических сетей и оборудования от токов перегрузки и короткого замыкания. Соотвествуют Техническому регламенту безопасности низковольтного электрического оборудования в части ДСТУ IEC 60947-1:2008, ДСТУ EN 60269-2-2001.</p> <h2>Технические характеристики</h2><table><tbody><tr><td>Тип устройства</td><td>плавкая вставка</td></tr><tr><td>Номинальный ток, А</td><td>13</td></tr><tr><td>Типоразмер, мм</td><td>10×38</td></tr></tbody></table>","Плавка вставка запобіжника e.industrial.fuse.10.38.13, 10×38 мм 13 А, E.NEXT","<h2>Опис товару</h2><p>Призначені для захисту низьковольтних електричних мереж і обладнання від струмів перевантаження і короткого замикання. Відповідають Технічному регламенту безпеки низьковольтного електричного обладнання в частині ДСТУ IEC 60947-1:2008, ДСТУ EN 60269-2-2001.</p> <h2>Технічні характеристики</h2><table><tbody><tr><td>Тип пристрою</td><td>плавка вставка</td></tr><tr><td>Номінальний струм, А</td><td>13</td></tr><tr><td>Типорозмір, мм</td><td>10×38</td></tr></tbody></table>",,Русский ~ 13 ;; Украинский ~ 13,Русский ~ Плавкая вставка ;; Украинский ~ Плавка вставка,Русский ~ 10×38 ;; Украинский ~ 10×38
https://001.com.ua/plavkaya-vstavka-predohranitelya-e-industrial-fuse-10-38-20-10x38-mm-20-a-e-next,new,,,https://001.com.ua/media/photos/enext/modulnoe/enext-predohranitel-e-industrial-fuse-10-38-i0610008-photo.jpg ;; https://001.com.ua/media/photos/enext/modulnoe/gabaritnye-razmery-enext-e-industrial-fuse-10-38-photo.jpg,"Плавкая вставка предохранителя e.industrial.fuse.10.38.20, 10×38 мм 20 А, E.NEXT",Предохранители плавкие модульные,E.NEXT,i0610008,i0610008,instock,1,12,ERROR,"Плавкая вставка предохранителя e.industrial.fuse.10.38.20, 10×38 мм 20 А, E.NEXT","<h2>Описание товара</h2><p>Предназначены для защиты низковольтных электрических сетей и оборудования от токов перегрузки и короткого замыкания. Соотвествуют Техническому регламенту безопасности низковольтного электрического оборудования в части ДСТУ IEC 60947-1:2008, ДСТУ EN 60269-2-2001.</p> <h2>Технические характеристики</h2><table><tbody><tr><td>Тип устройства</td><td>плавкая вставка</td></tr><tr><td>Номинальный ток, А</td><td>20</td></tr><tr><td>Типоразмер, мм</td><td>10×38</td></tr></tbody></table>","Плавка вставка запобіжника e.industrial.fuse.10.38.20, 10×38 мм 20 А, E.NEXT","<h2>Опис товару</h2><p>Призначені для захисту низьковольтних електричних мереж і обладнання від струмів перевантаження і короткого замикання. Відповідають Технічному регламенту безпеки низьковольтного електричного обладнання в частині ДСТУ IEC 60947-1:2008, ДСТУ EN 60269-2-2001.</p> <h2>Технічні характеристики</h2><table><tbody><tr><td>Тип пристрою</td><td>плавка вставка</td></tr><tr><td>Номінальний струм, А</td><td>20</td></tr><tr><td>Типорозмір, мм</td><td>10×38</td></tr></tbody></table>",,Русский ~ 20 ;; Украинский ~ 20,Русский ~ Плавкая вставка ;; Украинский ~ Плавка вставка,Русский ~ 10×38 ;; Украинский ~ 10×38
https://001.com.ua/plavkaya-vstavka-predohranitelya-e-industrial-fuse-10-38-32-10x38-mm-32-a-e-next,new,,,https://001.com.ua/media/photos/enext/modulnoe/enext-predohranitel-e-industrial-fuse-10-38-i0610010-photo.jpg ;; https://001.com.ua/media/photos/enext/modulnoe/gabaritnye-razmery-enext-e-industrial-fuse-10-38-photo.jpg,"Плавкая вставка предохранителя e.industrial.fuse.10.38.32, 10×38 мм 32 А, E.NEXT",Предохранители плавкие модульные,E.NEXT,i0610010,i0610010,instock,1,12,ERROR,"Плавкая вставка предохранителя e.industrial.fuse.10.38.32, 10×38 мм 32 А, E.NEXT","<h2>Описание товара</h2><p>Предназначены для защиты низковольтных электрических сетей и оборудования от токов перегрузки и короткого замыкания. Соотвествуют Техническому регламенту безопасности низковольтного электрического оборудования в части ДСТУ IEC 60947-1:2008, ДСТУ EN 60269-2-2001.</p> <h2>Технические характеристики</h2><table><tbody><tr><td>Тип устройства</td><td>плавкая вставка</td></tr><tr><td>Номинальный ток, А</td><td>32</td></tr><tr><td>Типоразмер, мм</td><td>10×38</td></tr></tbody></table>","Плавка вставка запобіжника e.industrial.fuse.10.38.32, 10×38 мм 32 А, E.NEXT","<h2>Опис товару</h2><p>Призначені для захисту низьковольтних електричних мереж і обладнання від струмів перевантаження і короткого замикання. Відповідають Технічному регламенту безпеки низьковольтного електричного обладнання в частині ДСТУ IEC 60947-1:2008, ДСТУ EN 60269-2-2001.</p> <h2>Технічні характеристики</h2><table><tbody><tr><td>Тип пристрою</td><td>плавка вставка</td></tr><tr><td>Номінальний струм, А</td><td>32</td></tr><tr><td>Типорозмір, мм</td><td>10×38</td></tr></tbody></table>",,Русский ~ 32 ;; Украинский ~ 32,Русский ~ Плавкая вставка ;; Украинский ~ Плавка вставка,Русский ~ 10×38 ;; Украинский ~ 10×38
https://001.com.ua/derzhatel-plavkogo-predohranitelya-10x38-mm-na-din-reyku-s-indikatsiey-e-industrial-rt-1832-1p-1p-2-32-a-e-next,new,,,https://001.com.ua/media/photos/enext/modulnoe/enext-derzhatel-predohranitelya-na-din-reyku-e-industrial-rt-i-0300001-photo.jpg ;; https://001.com.ua/media/photos/enext/modulnoe/gabaritnye-razmery-enext-e-industrial-rt-i-0300001-photo.jpg,"Держатель плавкого предохранителя 10×38 мм на DIN-рейку с индикацией e.industrial.rt.1832.1p, 1P 2-32 А, E.NEXT",Предохранители плавкие модульные,E.NEXT,i.0300001,i.0300001,instock,1,12,ERROR,"Держатель плавкого предохранителя 10×38 мм на DIN-рейку с индикацией e.industrial.rt.1832.1p, 1P 2-32 А, E.NEXT","<h2>Описание товара</h2><p>Предназначены для установки предохранителей серии e.industrial.fuse.1038 на токи от 2 до 32 А.</p> <h2>Технические характеристики</h2><table><tbody><tr><td>Номинальное рабочее напряжение, В</td><td>AC 230/400</td></tr><tr><td>Номинальная частота, Гц</td><td>50</td></tr><tr><td>Номинальный ток In, А</td><td>2-32</td></tr><tr><td>Количество полюсов</td><td>1</td></tr><tr><td>Ширина 1 полюса, мм</td><td>17,5</td></tr><tr><td>Диапазон рабочих температур, °С</td><td>-25…+55</td></tr><tr><td>Степень защиты</td><td>IP20</td></tr><tr><td>Макс. сечение присоединяемых проводников, мм²</td><td>16</td></tr><tr><td>Усилие затяжки контактных зажимов, Нм</td><td>3</td></tr></tbody></table> ","Тримач плавкого запобіжника 10×38 мм на DIN-рейку з індикацією e.industrial.rt.1832.1p, 1P 2-32 А, E.NEXT","<h2>Опис товару</h2><p>Призначені для встановлення запобіжників серії e.industrial.fuse.1038 на струми від 2 до 32 А.</p> <h2>Технічні характеристики</h2><table><tbody><tr><td>Номінальна робоча напруга, В</td><td>AC 230/400</td></tr><tr><td>Номінальна частота, Гц</td><td>50</td></tr><tr><td>Номінальний струм In, А</td><td>2-32</td></tr><tr><td>Кількість полюсів</td><td>1</td></tr><tr><td>Ширина 1 полюса, мм</td><td>17,5</td></tr><tr><td>діапазон робочих температур, °С</td><td>-25 … +55</td></tr><tr><td>Ступінь захисту</td><td>IP20</td></tr><tr><td>Макс. перетин приєднуваних провідників, мм²</td><td>16</td></tr><tr><td>Зусилля затяжки контактних затискачів, Нм</td><td>3</td></tr></tbody></table> ",,Русский ~ 32 ;; Украинский ~ 32,Русский ~ Держатель ;; Украинский ~ Тримач,Русский ~ 10×38 ;; Украинский ~ 10×38
https://001.com.ua/derzhatel-plavkogo-predohranitelya-10x38-mm-na-din-reyku-s-indikatsiey-e-industrial-rt-1832-2p-2p-2-32-a-e-next,new,,,https://001.com.ua/media/photos/enext/modulnoe/enext-derzhatel-predohranitelya-na-din-reyku-e-industrial-rt-i-0300002-photo.jpg ;; https://001.com.ua/media/photos/enext/modulnoe/gabaritnye-razmery-enext-e-industrial-rt-i-0300002-photo.jpg,"Держатель плавкого предохранителя 10×38 мм на DIN-рейку с индикацией e.industrial.rt.1832.2p, 2P 2-32 А, E.NEXT",Предохранители плавкие модульные,E.NEXT,i.0300002,i.0300002,instock,1,12,ERROR,"Держатель плавкого предохранителя 10×38 мм на DIN-рейку с индикацией e.industrial.rt.1832.2p, 2P 2-32 А, E.NEXT","<h2>Описание товара</h2><p>Предназначены для установки предохранителей серии e.industrial.fuse.1038 на токи от 2 до 32 А.</p> <h2>Технические характеристики</h2><table><tbody><tr><td>Номинальное рабочее напряжение, В</td><td>AC 230/400</td></tr><tr><td>Номинальная частота, Гц</td><td>50</td></tr><tr><td>Номинальный ток In, А</td><td>2-32</td></tr><tr><td>Количество полюсов</td><td>2</td></tr><tr><td>Ширина 1 полюса, мм</td><td>17,5</td></tr><tr><td>Диапазон рабочих температур, °С</td><td>-25…+55</td></tr><tr><td>Степень защиты</td><td>IP20</td></tr><tr><td>Макс. сечение присоединяемых проводников, мм²</td><td>16</td></tr><tr><td>Усилие затяжки контактных зажимов, Нм</td><td>3</td></tr></tbody></table> ","Тримач плавкого запобіжника 10×38 мм на DIN-рейку з індикацією e.industrial.rt.1832.2p, 2P 2-32 А, E.NEXT","<h2>Опис товару</h2><p>Призначені для встановлення запобіжників серії e.industrial.fuse.1038 на струми від 2 до 32 А.</p> <h2>Технічні характеристики</h2><table><tbody><tr><td>Номінальна робоча напруга, В</td><td>AC 230/400</td></tr><tr><td>Номінальна частота, Гц</td><td>50</td></tr><tr><td>Номінальний струм In, А</td><td>2-32</td></tr><tr><td>Кількість полюсів</td><td>2</td></tr><tr><td>Ширина 1 полюса, мм</td><td>17,5</td></tr><tr><td>діапазон робочих температур, °С</td><td>-25 … +55</td></tr><tr><td>Ступінь захисту</td><td>IP20</td></tr><tr><td>Макс. перетин приєднуваних провідників, мм²</td><td>16</td></tr><tr><td>Зусилля затяжки контактних затискачів, Нм</td><td>3</td></tr></tbody></table> ",,Русский ~ 32 ;; Украинский ~ 32,Русский ~ Держатель ;; Украинский ~ Тримач,Русский ~ 10×38 ;; Украинский ~ 10×38
https://001.com.ua/derzhatel-plavkogo-predohranitelya-10x38-mm-na-din-reyku-s-indikatsiey-e-industrial-rt-1832-3p-3p-2-32-a-e-next,new,,,https://001.com.ua/media/photos/enext/modulnoe/enext-derzhatel-predohranitelya-na-din-reyku-e-industrial-rt-i-0300003-photo.jpg ;; https://001.com.ua/media/photos/enext/modulnoe/gabaritnye-razmery-enext-e-industrial-rt-i-0300003-photo.jpg,"Держатель плавкого предохранителя 10×38 мм на DIN-рейку с индикацией e.industrial.rt.1832.3p, 3P 2-32 А, E.NEXT",Предохранители плавкие модульные,E.NEXT,i.0300003,i.0300003,instock,1,12,ERROR,"Держатель плавкого предохранителя 10×38 мм на DIN-рейку с индикацией e.industrial.rt.1832.3p, 3P 2-32 А, E.NEXT","<h2>Описание товара</h2><p>Предназначены для установки предохранителей серии e.industrial.fuse.1038 на токи от 2 до 32 А.</p> <h2>Технические характеристики</h2><table><tbody><tr><td>Номинальное рабочее напряжение, В</td><td>AC 230/400</td></tr><tr><td>Номинальная частота, Гц</td><td>50</td></tr><tr><td>Номинальный ток In, А</td><td>2-32</td></tr><tr><td>Количество полюсов</td><td>3</td></tr><tr><td>Ширина 1 полюса, мм</td><td>17,5</td></tr><tr><td>Диапазон рабочих температур, °С</td><td>-25…+55</td></tr><tr><td>Степень защиты</td><td>IP20</td></tr><tr><td>Макс. сечение присоединяемых проводников, мм²</td><td>16</td></tr><tr><td>Усилие затяжки контактных зажимов, Нм</td><td>3</td></tr></tbody></table> ","Тримач плавкого запобіжника 10×38 мм на DIN-рейку з індикацією e.industrial.rt.1832.3p, 3P 2-32 А, E.NEXT","<h2>Опис товару</h2><p>Призначені для встановлення запобіжників серії e.industrial.fuse.1038 на струми від 2 до 32 А.</p> <h2>Технічні характеристики</h2><table><tbody><tr><td>Номінальна робоча напруга, В</td><td>AC 230/400</td></tr><tr><td>Номінальна частота, Гц</td><td>50</td></tr><tr><td>Номінальний струм In, А</td><td>2-32</td></tr><tr><td>Кількість полюсів</td><td>3</td></tr><tr><td>Ширина 1 полюса, мм</td><td>17,5</td></tr><tr><td>діапазон робочих температур, °С</td><td>-25 … +55</td></tr><tr><td>Ступінь захисту</td><td>IP20</td></tr><tr><td>Макс. перетин приєднуваних провідників, мм²</td><td>16</td></tr><tr><td>Зусилля затяжки контактних затискачів, Нм</td><td>3</td></tr></tbody></table> ",,Русский ~ 32 ;; Украинский ~ 32,Русский ~ Держатель ;; Украинский ~ Тримач,Русский ~ 10×38 ;; Украинский ~ 10×38
