URL,product_id,Русский slug,Украинский slug,images,item_name,category_name,manufacturer_name,sku,model,stock_status,is_active,warranty,price,Русский title,Русский description,Украинский title,Украинский description,Тип оборудования
https://001.com.ua/dopolnitelnyy-kontakt-zb2-be101-no-dlya-knopok-asko-ukrem,new,,,https://001.com.ua/media/photos/asko/buttons-aux/asko-ukrem-dopolnitelnyy-kontakt-zb2-be101-post-photo.jpg,"Дополнительный контакт ZB2-BE101 (НО) для кнопок, АСКО-УКРЕМ","Аксессуары к индикаторам, кнопкам управления и переключателям",АСКО-УКРЕМ,A0140010025,A0140010025,instock,1,12,"23,56","Дополнительный контакт ZB2-BE101 (НО) для кнопок, АСКО-УКРЕМ",<h2>Описание товара</h2><p>Используется для увеличения количества контактов кнопок и переключателей серии XB2 АСКО-УКРЕМ.</p> <h2>Технические характеристики</h2><table><tbody><tr><td>Тип изделия</td><td>дополнительный контакт</td></tr></tbody></table>,"Додатковий контакт ZB2-BE101 (НО) для кнопок, АСКО-УКРЕМ",<h2>Опис товару</h2><p>Використовується для збільшення кількості контактів кнопок і перемикачів серії XB2 АСКО-УКРЕМ.</p> <h2>Технічні характеристики</h2><table><tbody><tr><td>Тип виробу</td><td>додатковий контакт</td></tr></tbody></table>,Русский ~ Дополнительный контакт
https://001.com.ua/derzhatel-markirovochnoy-birki-dlya-knopok-i-pereklyuchateley-empty-22-mm-asko-ukrem,new,,,https://001.com.ua/media/photos/asko/buttons-aux/asko-ukrem-derzhatel-markirovochnoy-birki-photo.jpg ;; https://001.com.ua/media/photos/asko/buttons-aux/asko-ukrem-derzhatel-markirovochnoy-birki-2-photo.jpg,"Держатель маркировочной бирки для кнопок и переключателей ∅22 мм, АСКО-УКРЕМ","Аксессуары к индикаторам, кнопкам управления и переключателям",АСКО-УКРЕМ,A0140010072,A0140010072,instock,1,12,"6,7","Держатель маркировочной бирки для кнопок и переключателей ∅22 мм, АСКО-УКРЕМ",<h2>Описание товара</h2><p>Используется для маркировки кнопок и переключателей под монтажное отверстие диаметром 22 мм.</p> <h2>Технические характеристики</h2><table><tbody><tr><td>Тип изделия</td><td>держатель маркировки</td></tr></tbody></table>,"Тримач маркувальної бирки для кнопок і перемикачів ∅22 мм, АСКО-УКРЕМ",<h2>Опис товару</h2><p>Використовується для маркування кнопок і перемикачів під монтажний отвір діаметром 22 мм.</p> <h2>Технічні характеристики</h2><table><tbody><tr><td>Тип виробу</td><td>тримач маркування</td></tr></tbody></table>,Русский ~ Держатель маркировки
https://001.com.ua/dopolnitelnyy-kontakt-zb2-be102-nz-dlya-knopok-asko-ukrem,new,,,https://001.com.ua/media/photos/asko/buttons-aux/asko-ukrem-dopolnitelnyy-kontakt-zb2-be102-photo.jpg,"Дополнительный контакт ZB2-BE102 (НЗ) для кнопок, АСКО-УКРЕМ","Аксессуары к индикаторам, кнопкам управления и переключателям",АСКО-УКРЕМ,A0140010026,A0140010026,instock,1,12,"23,56","Дополнительный контакт ZB2-BE102 (НЗ) для кнопок, АСКО-УКРЕМ",<h2>Описание товара</h2><p>Используется для увеличения количества контактов кнопок и переключателей серии XB2 АСКО-УКРЕМ.</p> <h2>Технические характеристики</h2><table><tbody><tr><td>Тип изделия</td><td>дополнительный контакт</td></tr></tbody></table>,"Додатковий контакт ZB2-BE102 (НЗ) для кнопок, АСКО-УКРЕМ",<h2>Опис товару</h2><p>Використовується для збільшення кількості контактів кнопок і перемикачів серії XB2 АСКО-УКРЕМ.</p> <h2>Технічні характеристики</h2><table><tbody><tr><td>Тип виробу</td><td>додатковий контакт</td></tr></tbody></table>,Русский ~ Дополнительный контакт
https://001.com.ua/kolpachok-zaschitnyy-silikonovyy-dlya-knopok-xb2-asko-ukrem,new,,,https://001.com.ua/media/photos/asko/buttons-aux/asko-ukrem-zaschitnyy-kolpachok-photo.jpg ;; https://001.com.ua/media/photos/asko/buttons-aux/asko-ukrem-zaschitnyy-kolpachok-2-photo.jpg,"Колпачок защитный силиконовый для кнопок XB2, АСКО-УКРЕМ","Аксессуары к индикаторам, кнопкам управления и переключателям",АСКО-УКРЕМ,A0140010074,A0140010074,instock,1,12,"15,28","Колпачок защитный силиконовый для кнопок XB2, АСКО-УКРЕМ",<h2>Описание товара</h2><p>Используется для защиты кнопок и переключателей АСКО-УКРЕМ серии XB2.</p> <h2>Технические характеристики</h2><table><tbody><tr><td>Тип изделия</td><td>защитный колпачок</td></tr></tbody></table>,"Ковпачок захисний силіконовий для кнопок XB2, АСКО-УКРЕМ",<h2>Опис товару</h2><p>Використовується для захисту кнопок і перемикачів АСКО-УКРЕМ серії XB2.</p> <h2>Технічні характеристики</h2><table><tbody><tr><td>Тип виробу</td><td>захисний ковпачок</td></tr></tbody></table>,Русский ~ Защитный колпачок
https://001.com.ua/birka-markirovochnaya-emergency-stop-zheltaya-dlya-knopok-empty-22-mm-asko-ukrem,new,,,https://001.com.ua/media/photos/asko/buttons-aux/asko-ukrem-markirovochnaya-birka-emergency-stop-y-photo.jpg ;; https://001.com.ua/media/photos/asko/buttons-aux/asko-ukrem-markirovochnaya-birka-emergency-stop-y-2-photo.jpg,"Бирка маркировочная «EMERGENCY STOP» желтая для кнопок ∅22 мм, АСКО-УКРЕМ","Аксессуары к индикаторам, кнопкам управления и переключателям",АСКО-УКРЕМ,A0140010073,A0140010073,instock,1,12,"14,57","Бирка маркировочная «EMERGENCY STOP» желтая для кнопок ∅22 мм, АСКО-УКРЕМ",<h2>Описание товара</h2><p>Используется для маркировки кнопок под монтажное отверстие диаметром 22 мм.</p> <h2>Технические характеристики</h2><table><tbody><tr><td>Тип изделия</td><td>маркировочная бирка</td></tr></tbody></table>,"Бирка маркувальна «EMERGENCY STOP» жовта для кнопок ∅22 мм, АСКО-УКРЕМ",<h2>Опис товару</h2><p>Використовується для маркування кнопок під монтажний отвір діаметром 22 мм.</p> <h2>Технічні характеристики</h2><table><tbody><tr><td>Тип виробу</td><td>маркувальна бирка</td></tr></tbody></table>,Русский ~ Маркировочная бирка
https://001.com.ua/kontaktnyy-blok-1r-1nz-dlya-serii-lay5-iek,new,,,https://001.com.ua/media/photos/iek/controls/iek-kontaktnyy-blok-1r-1nz-dlya-serii-lay5-photo.jpg,"Контактный блок 1р (1НЗ) для серии LAY5, IEK","Аксессуары к индикаторам, кнопкам управления и переключателям",IEK,BDK11,BDK11,instock,1,12,"36,57","Контактный блок 1р (1НЗ) для серии LAY5, IEK",<h2>Описание товара</h2><p>Предназначен для расширения контактной группы изделий серии LAY5.</p> <h2>Технические характеристики</h2><table><tbody><tr><td>Тип изделия</td><td>дополнительный контакт</td></tr></tbody></table>,"Контактний блок 1р (1НЗ) для серії LAY5, IEK",<h2>Опис товару</h2><p>Призначений для розширення контактної групи виробів серії LAY5.</p> <h2>Технічні характеристики</h2><table><tbody><tr><td>Тип виробу</td><td>додатковий контакт</td></tr></tbody></table>,Русский ~ Дополнительный контакт
https://001.com.ua/dopolnitelnyy-kontakt-zbe-101-no-dlya-knopok-tb5-asko-ukrem,new,,,https://001.com.ua/media/photos/asko/buttons-aux/asko-ukrem-dopolnitelnyy-kontakt-zbe-101-photo.jpg,"Дополнительный контакт ZBE-101 (НО) для кнопок TB5, АСКО-УКРЕМ","Аксессуары к индикаторам, кнопкам управления и переключателям",АСКО-УКРЕМ,A0140010180,A0140010180,instock,1,12,"30,64","Дополнительный контакт ZBE-101 (НО) для кнопок TB5, АСКО-УКРЕМ",<h2>Описание товара</h2><p>Используется для увеличения количества контактов кнопок и переключателей серии TB5 АСКО-УКРЕМ.</p> <h2>Технические характеристики</h2><table><tbody><tr><td>Тип изделия</td><td>дополнительный контакт</td></tr></tbody></table>,"Додатковий контакт ZBE-101 (НО) для кнопок TB5, АСКО-УКРЕМ",<h2>Опис товару</h2><p>Використовується для збільшення кількості контактів кнопок і перемикачів серії TB5 АСКО-УКРЕМ.</p> <h2>Технічні характеристики</h2><table><tbody><tr><td>Тип виробу</td><td>додатковий контакт</td></tr></tbody></table>,Русский ~ Дополнительный контакт
https://001.com.ua/birka-markirovochnaya-start-dlya-knopok-empty-22-mm-asko-ukrem,new,,,https://001.com.ua/media/photos/asko/buttons-aux/asko-ukrem-markirovochnaya-birka-start-photo.jpg ;; https://001.com.ua/media/photos/no-photo-photo.jpg,"Бирка маркировочная «START» для кнопок ∅22 мм, АСКО-УКРЕМ","Аксессуары к индикаторам, кнопкам управления и переключателям",АСКО-УКРЕМ,A0140010068,A0140010068,instock,1,12,"4,26","Бирка маркировочная «START» для кнопок ∅22 мм, АСКО-УКРЕМ",<h2>Описание товара</h2><p>Используется для маркировки кнопок под монтажное отверстие диаметром 22 мм.</p> <h2>Технические характеристики</h2><table><tbody><tr><td>Тип изделия</td><td>маркировочная бирка</td></tr></tbody></table>,"Бирка маркувальна «START» для кнопок ∅22 мм, АСКО-УКРЕМ",<h2>Опис товару</h2><p>Використовується для маркування кнопок під монтажний отвір діаметром 22 мм.</p> <h2>Технічні характеристики</h2><table><tbody><tr><td>Тип виробу</td><td>маркувальна бирка</td></tr></tbody></table>,Русский ~ Маркировочная бирка
https://001.com.ua/birka-markirovochnaya-stop-chernaya-dlya-knopok-empty-22-mm-asko-ukrem,new,,,https://001.com.ua/media/photos/asko/buttons-aux/asko-ukrem-markirovochnaya-birka-stop-photo.jpg ;; https://001.com.ua/media/photos/asko/buttons-aux/asko-ukrem-markirovochnaya-birka-stop-2-photo.jpg,"Бирка маркировочная «STOP» черная для кнопок ∅22 мм, АСКО-УКРЕМ","Аксессуары к индикаторам, кнопкам управления и переключателям",АСКО-УКРЕМ,A0140010070,A0140010070,instock,1,12,"4,26","Бирка маркировочная «STOP» черная для кнопок ∅22 мм, АСКО-УКРЕМ",<h2>Описание товара</h2><p>Используется для маркировки кнопок под монтажное отверстие диаметром 22 мм.</p> <h2>Технические характеристики</h2><table><tbody><tr><td>Тип изделия</td><td>маркировочная бирка</td></tr></tbody></table>,"Бирка маркувальна «STOP» чорна для кнопок ∅22 мм, АСКО-УКРЕМ",<h2>Опис товару</h2><p>Використовується для маркування кнопок під монтажний отвір діаметром 22 мм.</p> <h2>Технічні характеристики</h2><table><tbody><tr><td>Тип виробу</td><td>маркувальна бирка</td></tr></tbody></table>,Русский ~ Маркировочная бирка
https://001.com.ua/dopolnitelnyy-kontakt-zbe-102-nz-dlya-knopok-tb5-asko-ukrem,new,,,https://001.com.ua/media/photos/asko/buttons-aux/asko-ukrem-dopolnitelnyy-kontakt-zbe-102-photo.jpg,"Дополнительный контакт ZBE-102 (НЗ) для кнопок TB5, АСКО-УКРЕМ","Аксессуары к индикаторам, кнопкам управления и переключателям",АСКО-УКРЕМ,A0140010181,A0140010181,instock,1,12,"30,64","Дополнительный контакт ZBE-102 (НЗ) для кнопок TB5, АСКО-УКРЕМ",<h2>Описание товара</h2><p>Используется для увеличения количества контактов кнопок и переключателей серии TB5 АСКО-УКРЕМ.</p> <h2>Технические характеристики</h2><table><tbody><tr><td>Тип изделия</td><td>дополнительный контакт</td></tr></tbody></table>,"Додатковий контакт ZBE-102 (НЗ) для кнопок TB5, АСКО-УКРЕМ",<h2>Опис товару</h2><p>Використовується для збільшення кількості контактів кнопок і перемикачів серії TB5 АСКО-УКРЕМ.</p> <h2>Технічні характеристики</h2><table><tbody><tr><td>Тип виробу</td><td>додатковий контакт</td></tr></tbody></table>,Русский ~ Дополнительный контакт
https://001.com.ua/birka-markirovochnaya-emergency-stop-krasnaya-dlya-knopok-empty-22-mm-asko-ukrem,new,,,https://001.com.ua/media/photos/asko/buttons-aux/asko-ukrem-markirovochnaya-birka-emergency-stop-r-photo.jpg ;; https://001.com.ua/media/photos/asko/buttons-aux/asko-ukrem-markirovochnaya-birka-emergency-stop-r-2-photo.jpg,"Бирка маркировочная «EMERGENCY STOP» красная для кнопок ∅22 мм, АСКО-УКРЕМ","Аксессуары к индикаторам, кнопкам управления и переключателям",АСКО-УКРЕМ,A0140010069,A0140010069,instock,1,12,"4,26","Бирка маркировочная «EMERGENCY STOP» красная для кнопок ∅22 мм, АСКО-УКРЕМ",<h2>Описание товара</h2><p>Используется для маркировки кнопок под монтажное отверстие диаметром 22 мм.</p> <h2>Технические характеристики</h2><table><tbody><tr><td>Тип изделия</td><td>маркировочная бирка</td></tr></tbody></table>,"Бирка маркувальна «EMERGENCY STOP» червона для кнопок ∅22 мм, АСКО-УКРЕМ",<h2>Опис товару</h2><p>Використовується для маркування кнопок під монтажний отвір діаметром 22 мм.</p> <h2>Технічні характеристики</h2><table><tbody><tr><td>Тип виробу</td><td>маркувальна бирка</td></tr></tbody></table>,Русский ~ Маркировочная бирка
https://001.com.ua/birka-markirovochnaya-i-0-ii-dlya-pereklyuchateley-empty-22-mm-asko-ukrem,new,,,https://001.com.ua/media/photos/asko/buttons-aux/asko-ukrem-markirovochnaya-birka-1-0-2-photo.jpg ;; https://001.com.ua/media/photos/asko/buttons-aux/asko-ukrem-markirovochnaya-birka-1-0-2-2-photo.jpg,"Бирка маркировочная «I-0-II» для переключателей ∅22 мм, АСКО-УКРЕМ","Аксессуары к индикаторам, кнопкам управления и переключателям",АСКО-УКРЕМ,A0140010071,A0140010071,instock,1,12,"4,26","Бирка маркировочная «I-0-II» для переключателей ∅22 мм, АСКО-УКРЕМ",<h2>Описание товара</h2><p>Используется для маркировки трехпозиционных переключателей под монтажное отверстие диаметром 22 мм.</p> <h2>Технические характеристики</h2><table><tbody><tr><td>Тип изделия</td><td>маркировочная бирка</td></tr></tbody></table>,"Бирка маркувальна «I-0-II» для перемикачів ∅22 мм, АСКО-УКРЕМ",<h2>Опис товару</h2><p>Використовується для маркування трьохпозиційних перемикачів під монтажний отвір діаметром 22 мм.</p> <h2>Технічні характеристики</h2><table><tbody><tr><td>Тип виробу</td><td>маркувальна бирка</td></tr></tbody></table>,Русский ~ Маркировочная бирка
https://001.com.ua/dopolnitelnyy-kontakt-zb2-be101-no-dlya-knopochnyh-postov-asko-ukrem,new,,,https://001.com.ua/media/photos/asko/buttons-aux/asko-ukrem-dopolnitelnyy-kontakt-zb2-be101-photo.jpg,"Дополнительный контакт ZB2-BE101 (НО) для кнопочных постов, АСКО-УКРЕМ","Аксессуары к индикаторам, кнопкам управления и переключателям",АСКО-УКРЕМ,A0140010027,A0140010027,instock,1,12,"27,2","Дополнительный контакт ZB2-BE101 (НО) для кнопочных постов, АСКО-УКРЕМ",<h2>Описание товара</h2><p>Используется для расширения контактной группы кнопочных постов АСКО-УКРЕМ серии XAL-B.</p> <h2>Технические характеристики</h2><table><tbody><tr><td>Тип изделия</td><td>дополнительный контакт</td></tr></tbody></table>,"Додатковий контакт ZB2-BE101 (НО) для кнопкових постів, АСКО-УКРЕМ",<h2>Опис товару</h2><p>Використовується для розширення контактної групи кнопкових постів АСКО-УКРЕМ серії XAL-B.</p> <h2>Технічні характеристики</h2><table><tbody><tr><td>Тип виробу</td><td>додатковий контакт</td></tr></tbody></table>,Русский ~ Дополнительный контакт
https://001.com.ua/dopolnitelnyy-kontakt-zb2-be102-nz-dlya-knopochnyh-postov-asko-ukrem,new,,,https://001.com.ua/media/photos/asko/buttons-aux/asko-ukrem-dopolnitelnyy-kontakt-zb2-be102-post-photo.jpg,"Дополнительный контакт ZB2-BE102 (НЗ) для кнопочных постов, АСКО-УКРЕМ","Аксессуары к индикаторам, кнопкам управления и переключателям",АСКО-УКРЕМ,A0140010028,A0140010028,instock,1,12,"30,22","Дополнительный контакт ZB2-BE102 (НЗ) для кнопочных постов, АСКО-УКРЕМ",<h2>Описание товара</h2><p>Используется для расширения контактной группы кнопочных постов АСКО-УКРЕМ серии XAL-B.</p> <h2>Технические характеристики</h2><table><tbody><tr><td>Тип изделия</td><td>дополнительный контакт</td></tr></tbody></table>,"Додатковий контакт ZB2-BE102 (НЗ) для кнопкових постів, АСКО-УКРЕМ",<h2>Опис товару</h2><p>Використовується для розширення контактної групи кнопкових постів АСКО-УКРЕМ серії XAL-B.</p> <h2>Технічні характеристики</h2><table><tbody><tr><td>Тип виробу</td><td>додатковий контакт</td></tr></tbody></table>,Русский ~ Дополнительный контакт
https://001.com.ua/dopolnitelnyy-kontakt-zbe-101-no-dlya-knopochnyh-postov-xal-d-asko-ukrem,new,,,https://001.com.ua/media/photos/asko/buttons-aux/asko-ukrem-dopolnitelnyy-kontakt-zbe-101-photo.jpg,"Дополнительный контакт ZBE-101 (НО) для кнопочных постов XAL-D, АСКО-УКРЕМ","Аксессуары к индикаторам, кнопкам управления и переключателям",АСКО-УКРЕМ,A0140010182,A0140010182,instock,1,12,"22,37","Дополнительный контакт ZBE-101 (НО) для кнопочных постов XAL-D, АСКО-УКРЕМ",<h2>Описание товара</h2><p>Используется для расширения контактной группы кнопочных постов АСКО-УКРЕМ серии XAL-D.</p> <h2>Технические характеристики</h2><table><tbody><tr><td>Тип изделия</td><td>дополнительный контакт</td></tr></tbody></table>,"Додатковий контакт ZBE-101 (НО) для кнопкових постів XAL-D, АСКО-УКРЕМ",<h2>Опис товару</h2><p>Використовується для розширення контактної групи кнопкових постів АСКО-УКРЕМ серії XAL-D.</p> <h2>Технічні характеристики</h2><table><tbody><tr><td>Тип виробу</td><td>додатковий контакт</td></tr></tbody></table>,Русский ~ Дополнительный контакт
https://001.com.ua/dopolnitelnyy-kontakt-zbe-102-nz-dlya-knopochnyh-postov-xal-d-asko-ukrem,new,,,https://001.com.ua/media/photos/asko/buttons-aux/asko-ukrem-dopolnitelnyy-kontakt-zbe-102-photo.jpg,"Дополнительный контакт ZBE-102 (НЗ) для кнопочных постов XAL-D, АСКО-УКРЕМ","Аксессуары к индикаторам, кнопкам управления и переключателям",АСКО-УКРЕМ,A0140010183,A0140010183,instock,1,12,"22,37","Дополнительный контакт ZBE-102 (НЗ) для кнопочных постов XAL-D, АСКО-УКРЕМ",<h2>Описание товара</h2><p>Используется для расширения контактной группы кнопочных постов АСКО-УКРЕМ серии XAL-D.</p> <h2>Технические характеристики</h2><table><tbody><tr><td>Тип изделия</td><td>дополнительный контакт</td></tr></tbody></table>,"Додатковий контакт ZBE-102 (НЗ) для кнопкових постів XAL-D, АСКО-УКРЕМ",<h2>Опис товару</h2><p>Використовується для розширення контактної групи кнопкових постів АСКО-УКРЕМ серії XAL-D.</p> <h2>Технічні характеристики</h2><table><tbody><tr><td>Тип виробу</td><td>додатковий контакт</td></tr></tbody></table>,Русский ~ Дополнительный контакт
https://001.com.ua/kolpachok-smennyy-dlya-al-22-zelenyy-iek,new,,,https://001.com.ua/media/photos/iek/controls/iek-kolpachok-smennyy-dlya-al-22-zelenyy-photo.jpg,"Колпачок сменный для AL-22 зеленый, IEK","Аксессуары к индикаторам, кнопкам управления и переключателям",IEK,BLS20D-KS-AL-K06,BLS20D-KS-AL-K06,instock,1,12,"5,22","Колпачок сменный для AL-22 зеленый, IEK",<h2>Описание товара</h2><p>Предназначен для установки на лампы AL-22.</p> <h2>Технические характеристики</h2><table><tbody><tr><td>Тип изделия</td><td>сменный колпачок</td></tr></tbody></table>,"Ковпачок змінний для AL-22 зелений, IEK",<h2>Опис товару</h2><p>Призначений для установки на лампи AL-22.</p> <h2>Технічні характеристики</h2><table><tbody><tr><td>Тип виробу</td><td>змінний ковпачок</td></tr></tbody></table>,Русский ~ Сменный колпачок
https://001.com.ua/kolpachok-smennyy-dlya-al-22te-krasnyy-iek,new,,,https://001.com.ua/media/photos/iek/controls/iek-kolpachok-smennyy-dlya-al-22te-krasnyy-photo.jpg,"Колпачок сменный для AL-22TE красный, IEK","Аксессуары к индикаторам, кнопкам управления и переключателям",IEK,BLS30D-KS-ALTE-K04,BLS30D-KS-ALTE-K04,instock,1,12,"8,45","Колпачок сменный для AL-22TE красный, IEK",<h2>Описание товара</h2><p>Предназначен для установки на лампы AL-22TE.</p> <h2>Технические характеристики</h2><table><tbody><tr><td>Тип изделия</td><td>сменный колпачок</td></tr></tbody></table>,"Ковпачок змінний для AL-22TE червоний, IEK",<h2>Опис товару</h2><p>Призначений для установки на лампи AL-22TE.</p> <h2>Технічні характеристики</h2><table><tbody><tr><td>Тип виробу</td><td>змінний ковпачок</td></tr></tbody></table>,Русский ~ Сменный колпачок
https://001.com.ua/lampa-smennaya-zheltaya-matritsa-12-v-iek,new,,,https://001.com.ua/media/photos/iek/controls/iek-lampa-smennaya-matritsa-photo.jpg,"Лампа сменная желтая матрица 12 В, IEK","Аксессуары к индикаторам, кнопкам управления и переключателям",IEK,BMS10-012-K05,BMS10-012-K05,instock,1,12,"70,76","Лампа сменная желтая матрица 12 В, IEK",<h2>Описание товара</h2><p>Предназначена для установки в светосигнальную арматуру IEK.</p> <h2>Технические характеристики</h2><table><tbody><tr><td>Тип изделия</td><td>лампа LED</td></tr></tbody></table>,"Лампа змінна жовта матриця 12 В, IEK",<h2>Опис товару</h2><p>Призначена для встановлення в світлосигнальну арматуру IEK.</p> <h2>Технічні характеристики</h2><table><tbody><tr><td>Тип виробу</td><td>лампа LED</td></tr></tbody></table>,Русский ~ Лампа LED
https://001.com.ua/lampa-smennaya-zelenaya-matritsa-12-v-iek,new,,,https://001.com.ua/media/photos/iek/controls/iek-lampa-smennaya-matritsa-photo.jpg,"Лампа сменная зеленая матрица 12 В, IEK","Аксессуары к индикаторам, кнопкам управления и переключателям",IEK,BMS10-012-K06,BMS10-012-K06,instock,1,12,"70,76","Лампа сменная зеленая матрица 12 В, IEK",<h2>Описание товара</h2><p>Предназначена для установки в светосигнальную арматуру IEK.</p> <h2>Технические характеристики</h2><table><tbody><tr><td>Тип изделия</td><td>лампа LED</td></tr></tbody></table>,"Лампа змінна зелена матриця 12 В, IEK",<h2>Опис товару</h2><p>Призначена для встановлення в світлосигнальну арматуру IEK.</p> <h2>Технічні характеристики</h2><table><tbody><tr><td>Тип виробу</td><td>лампа LED</td></tr></tbody></table>,Русский ~ Лампа LED
https://001.com.ua/lampa-smennaya-zelenaya-matritsa-24-v-iek,new,,,https://001.com.ua/media/photos/iek/controls/iek-lampa-smennaya-matritsa-photo.jpg,"Лампа сменная зеленая матрица 24 В, IEK","Аксессуары к индикаторам, кнопкам управления и переключателям",IEK,BMS10-024-K06,BMS10-024-K06,instock,1,12,"70,76","Лампа сменная зеленая матрица 24 В, IEK",<h2>Описание товара</h2><p>Предназначена для установки в светосигнальную арматуру IEK.</p> <h2>Технические характеристики</h2><table><tbody><tr><td>Тип изделия</td><td>лампа LED</td></tr></tbody></table>,"Лампа змінна зелена матриця 24 В, IEK",<h2>Опис товару</h2><p>Призначена для встановлення в світлосигнальну арматуру IEK.</p> <h2>Технічні характеристики</h2><table><tbody><tr><td>Тип виробу</td><td>лампа LED</td></tr></tbody></table>,Русский ~ Лампа LED
https://001.com.ua/lampa-smennaya-zelenaya-matritsa-48-v-iek,new,,,https://001.com.ua/media/photos/iek/controls/iek-lampa-smennaya-matritsa-photo.jpg,"Лампа сменная зеленая матрица 48 В, IEK","Аксессуары к индикаторам, кнопкам управления и переключателям",IEK,BMS10-048-K06,BMS10-048-K06,instock,1,12,"78,66","Лампа сменная зеленая матрица 48 В, IEK",<h2>Описание товара</h2><p>Предназначена для установки в светосигнальную арматуру IEK.</p> <h2>Технические характеристики</h2><table><tbody><tr><td>Тип изделия</td><td>лампа LED</td></tr></tbody></table>,"Лампа змінна зелена матриця 48 В, IEK",<h2>Опис товару</h2><p>Призначена для встановлення в світлосигнальну арматуру IEK.</p> <h2>Технічні характеристики</h2><table><tbody><tr><td>Тип виробу</td><td>лампа LED</td></tr></tbody></table>,Русский ~ Лампа LED
https://001.com.ua/lampa-smennaya-krasnaya-matritsa-220-v-iek,new,,,https://001.com.ua/media/photos/iek/controls/iek-lampa-smennaya-matritsa-photo.jpg,"Лампа сменная красная матрица 220 В, IEK","Аксессуары к индикаторам, кнопкам управления и переключателям",IEK,BMS10-220-K04,BMS10-220-K04,instock,1,12,"118,92","Лампа сменная красная матрица 220 В, IEK",<h2>Описание товара</h2><p>Предназначена для установки в светосигнальную арматуру IEK.</p> <h2>Технические характеристики</h2><table><tbody><tr><td>Тип изделия</td><td>лампа LED</td></tr></tbody></table>,"Лампа змінна червона матриця 220 В, IEK",<h2>Опис товару</h2><p>Призначена для встановлення в світлосигнальну арматуру IEK.</p> <h2>Технічні характеристики</h2><table><tbody><tr><td>Тип виробу</td><td>лампа LED</td></tr></tbody></table>,Русский ~ Лампа LED
https://001.com.ua/lampa-smennaya-krasnaya-matritsa-24-v-iek,new,,,https://001.com.ua/media/photos/iek/controls/iek-lampa-smennaya-matritsa-photo.jpg,"Лампа сменная красная матрица 24 В, IEK","Аксессуары к индикаторам, кнопкам управления и переключателям",IEK,BMS10-024-K04,BMS10-024-K04,instock,1,12,"70,76","Лампа сменная красная матрица 24 В, IEK",<h2>Описание товара</h2><p>Предназначена для установки в светосигнальную арматуру IEK.</p> <h2>Технические характеристики</h2><table><tbody><tr><td>Тип изделия</td><td>лампа LED</td></tr></tbody></table>,"Лампа змінна червона матриця 24 В, IEK",<h2>Опис товару</h2><p>Призначена для встановлення в світлосигнальну арматуру IEK.</p> <h2>Технічні характеристики</h2><table><tbody><tr><td>Тип виробу</td><td>лампа LED</td></tr></tbody></table>,Русский ~ Лампа LED
https://001.com.ua/lampa-smennaya-krasnaya-matritsa-36-v-iek,new,,,https://001.com.ua/media/photos/iek/controls/iek-lampa-smennaya-matritsa-photo.jpg,"Лампа сменная красная матрица 36 В, IEK","Аксессуары к индикаторам, кнопкам управления и переключателям",IEK,BMS10-036-K04,BMS10-036-K04,instock,1,12,"93,64","Лампа сменная красная матрица 36 В, IEK",<h2>Описание товара</h2><p>Предназначена для установки в светосигнальную арматуру IEK.</p> <h2>Технические характеристики</h2><table><tbody><tr><td>Тип изделия</td><td>лампа LED</td></tr></tbody></table>,"Лампа змінна червона матриця 36 В, IEK",<h2>Опис товару</h2><p>Призначена для встановлення в світлосигнальну арматуру IEK.</p> <h2>Технічні характеристики</h2><table><tbody><tr><td>Тип виробу</td><td>лампа LED</td></tr></tbody></table>,Русский ~ Лампа LED
https://001.com.ua/lampa-smennaya-sinyaya-matritsa-12-v-iek,new,,,https://001.com.ua/media/photos/iek/controls/iek-lampa-smennaya-matritsa-photo.jpg,"Лампа сменная синяя матрица 12 В, IEK","Аксессуары к индикаторам, кнопкам управления и переключателям",IEK,BMS10-012-K07,BMS10-012-K07,instock,1,12,"70,42","Лампа сменная синяя матрица 12 В, IEK",<h2>Описание товара</h2><p>Предназначена для установки в светосигнальную арматуру IEK.</p> <h2>Технические характеристики</h2><table><tbody><tr><td>Тип изделия</td><td>лампа LED</td></tr></tbody></table>,"Лампа змінна синя матриця 12 В, IEK",<h2>Опис товару</h2><p>Призначена для встановлення в світлосигнальну арматуру IEK.</p> <h2>Технічні характеристики</h2><table><tbody><tr><td>Тип виробу</td><td>лампа LED</td></tr></tbody></table>,Русский ~ Лампа LED
https://001.com.ua/lampa-smennaya-krasnaya-neon-240-v-iek,new,,,https://001.com.ua/media/photos/iek/controls/iek-lampa-smennaya-neon-photo.jpg,"Лампа сменная красная неон 240 В, IEK","Аксессуары к индикаторам, кнопкам управления и переключателям",IEK,BMS20-240-K04,BMS20-240-K04,instock,1,12,"6,9","Лампа сменная красная неон 240 В, IEK",<h2>Описание товара</h2><p>Предназначена для установки в светосигнальную арматуру IEK.</p> <h2>Технические характеристики</h2><table><tbody><tr><td>Тип изделия</td><td>лампа неон</td></tr></tbody></table>,"Лампа змінна червона неон 240 В, IEK",<h2>Опис товару</h2><p>Призначена для встановлення в світлосигнальну арматуру IEK.</p> <h2>Технічні характеристики</h2><table><tbody><tr><td>Тип виробу</td><td>лампа неон</td></tr></tbody></table>,Русский ~ Лампа неон
https://001.com.ua/derzhatel-markirovki-dm-18x25-iek,new,,,https://001.com.ua/media/photos/iek/controls/iek-derzhatel-markirovki-dm-18x25-photo.jpg ;; https://001.com.ua/media/photos/iek/controls/gabaritnye-razmery-iek-dm-18x25-photo.jpg,"Держатель маркировки DM 18x25, IEK","Аксессуары к индикаторам, кнопкам управления и переключателям",IEK,DM18x25,DM18x25,outofstock,1,12,"13,77","Держатель маркировки DM 18x25, IEK","<h2>Описание товара</h2><p>Предназначен для маркировки кнопок, переключателей и светосигнальной арматуры.</p> <h2>Технические характеристики</h2><table><tbody><tr><td>Тип изделия</td><td>держатель маркировки</td></tr></tbody></table>","Тримач маркування DM 18x25, IEK","<h2>Опис товару</h2><p>Призначений для маркування кнопок, перемикачів і світлосигнальної арматури.</p> <h2>Технічні характеристики</h2><table><tbody><tr><td>Тип виробу</td><td>тримач маркування</td></tr></tbody></table>",Русский ~ Держатель маркировки
https://001.com.ua/kontaktnyy-blok-1z-1no-dlya-serii-lay5-iek,new,,,https://001.com.ua/media/photos/iek/controls/iek-kontaktnyy-blok-1z-1no-dlya-serii-lay5-photo.jpg,"Контактный блок 1з (1НО) для серии LAY5, IEK","Аксессуары к индикаторам, кнопкам управления и переключателям",IEK,BDK21,BDK21,outofstock,1,12,"36,57","Контактный блок 1з (1НО) для серии LAY5, IEK",<h2>Описание товара</h2><p>Предназначен для расширения контактной группы изделий серии LAY5.</p> <h2>Технические характеристики</h2><table><tbody><tr><td>Тип изделия</td><td>дополнительный контакт</td></tr></tbody></table>,"Контактний блок 1з (1НВ) для серії LAY5, IEK",<h2>Опис товару</h2><p>Призначений для розширення контактної групи виробів серії LAY5.</p> <h2>Технічні характеристики</h2><table><tbody><tr><td>Тип виробу</td><td>додатковий контакт</td></tr></tbody></table>,Русский ~ Дополнительный контакт
https://001.com.ua/derzhatel-markirovki-dm-11x25-iek,new,,,https://001.com.ua/media/photos/iek/controls/iek-derzhatel-markirovki-dm-11x25-photo.png ;; https://001.com.ua/media/photos/iek/controls/gabaritnye-razmery-iek-dm-11x25-photo.jpg,"Держатель маркировки DM 11x25, IEK","Аксессуары к индикаторам, кнопкам управления и переключателям",IEK,DM11x25,DM11x25,outofstock,1,12,"10,34","Держатель маркировки DM 11x25, IEK","<h2>Описание товара</h2><p>Предназначен для маркировки кнопок, переключателей и светосигнальной арматуры.</p> <h2>Технические характеристики</h2><table><tbody><tr><td>Тип изделия</td><td>держатель маркировки</td></tr></tbody></table>","Тримач маркування DM 11x25, IEK","<h2>Опис товару</h2><p>Призначений для маркування кнопок, перемикачів і світлосигнальної арматури.</p> <h2>Технічні характеристики</h2><table><tbody><tr><td>Тип виробу</td><td>тримач маркування</td></tr></tbody></table>",Русский ~ Держатель маркировки
https://001.com.ua/dopolnitelnyy-kontakt-dlya-svetosignalnoy-armatury-1nz-iek,new,,,https://001.com.ua/media/photos/iek/controls/iek-dopolnitelnyy-kontakt-dlya-svetosignalnoy-armatury-1nz-photo.jpg,"Дополнительный контакт для светосигнальной арматуры 1НЗ, IEK","Аксессуары к индикаторам, кнопкам управления и переключателям",IEK,BDK10,BDK10,outofstock,1,12,"25,99","Дополнительный контакт для светосигнальной арматуры 1НЗ, IEK","<h2>Описание товара</h2><p>Предназначен для расширения контактной группы кнопок, переключателей и светосигнальной арматуры.</p> <h2>Технические характеристики</h2><table><tbody><tr><td>Тип изделия</td><td>дополнительный контакт</td></tr></tbody></table>","Додатковий контакт для світлосигнальної арматури 1НЗ, IEK","<h2>Опис товару</h2><p>Призначений для розширення контактної групи кнопок, перемикачів і світлосигнальної арматури.</p> <h2>Технічні характеристики</h2><table><tbody><tr><td>Тип виробу</td><td>додатковий контакт</td></tr></tbody></table>",Русский ~ Дополнительный контакт
https://001.com.ua/dopolnitelnyy-kontakt-dlya-svetosignalnoy-armatury-1no-iek,new,,,https://001.com.ua/media/photos/iek/controls/iek-dopolnitelnyy-kontakt-dlya-svetosignalnoy-armatury-1no-photo.jpg,"Дополнительный контакт для светосигнальной арматуры 1НО, IEK","Аксессуары к индикаторам, кнопкам управления и переключателям",IEK,BDK20,BDK20,outofstock,1,12,"25,99","Дополнительный контакт для светосигнальной арматуры 1НО, IEK","<h2>Описание товара</h2><p>Предназначен для расширения контактной группы кнопок, переключателей и светосигнальной арматуры.</p> <h2>Технические характеристики</h2><table><tbody><tr><td>Тип изделия</td><td>дополнительный контакт</td></tr></tbody></table>","Додатковий контакт для світлосигнальної арматури 1НВ, IEK","<h2>Опис товару</h2><p>Призначений для розширення контактної групи кнопок, перемикачів і світлосигнальної арматури.</p> <h2>Технічні характеристики</h2><table><tbody><tr><td>Тип виробу</td><td>додатковий контакт</td></tr></tbody></table>",Русский ~ Дополнительный контакт
https://001.com.ua/kolpachok-smennyy-dlya-al-22-krasnyy-iek,new,,,https://001.com.ua/media/photos/iek/controls/iek-kolpachok-smennyy-dlya-al-22-krasnyy-photo.jpg,"Колпачок сменный для AL-22 красный, IEK","Аксессуары к индикаторам, кнопкам управления и переключателям",IEK,BLS20D-KS-AL-K04,BLS20D-KS-AL-K04,outofstock,1,12,"5,22","Колпачок сменный для AL-22 красный, IEK",<h2>Описание товара</h2><p>Предназначен для установки на лампы AL-22.</p> <h2>Технические характеристики</h2><table><tbody><tr><td>Тип изделия</td><td>сменный колпачок</td></tr></tbody></table>,"Ковпачок змінний для AL-22 червоний, IEK",<h2>Опис товару</h2><p>Призначений для установки на лампи AL-22.</p> <h2>Технічні характеристики</h2><table><tbody><tr><td>Тип виробу</td><td>змінний ковпачок</td></tr></tbody></table>,Русский ~ Сменный колпачок
https://001.com.ua/lampa-smennaya-zheltaya-matritsa-220-v-iek,new,,,https://001.com.ua/media/photos/iek/controls/iek-lampa-smennaya-matritsa-photo.jpg,"Лампа сменная желтая матрица 220 В, IEK","Аксессуары к индикаторам, кнопкам управления и переключателям",IEK,BMS10-220-K05,BMS10-220-K05,outofstock,1,12,"105,69","Лампа сменная желтая матрица 220 В, IEK",<h2>Описание товара</h2><p>Предназначена для установки в светосигнальную арматуру IEK.</p> <h2>Технические характеристики</h2><table><tbody><tr><td>Тип изделия</td><td>лампа LED</td></tr></tbody></table>,"Лампа змінна жовта матриця 220 В, IEK",<h2>Опис товару</h2><p>Призначена для встановлення в світлосигнальну арматуру IEK.</p> <h2>Технічні характеристики</h2><table><tbody><tr><td>Тип виробу</td><td>лампа LED</td></tr></tbody></table>,Русский ~ Лампа LED
https://001.com.ua/lampa-smennaya-zheltaya-matritsa-24-v-iek,new,,,https://001.com.ua/media/photos/iek/controls/iek-lampa-smennaya-matritsa-photo.jpg,"Лампа сменная желтая матрица 24 В, IEK","Аксессуары к индикаторам, кнопкам управления и переключателям",IEK,BMS10-024-K05,BMS10-024-K05,outofstock,1,12,"69,82","Лампа сменная желтая матрица 24 В, IEK",<h2>Описание товара</h2><p>Предназначена для установки в светосигнальную арматуру IEK.</p> <h2>Технические характеристики</h2><table><tbody><tr><td>Тип изделия</td><td>лампа LED</td></tr></tbody></table>,"Лампа змінна жовта матриця 24 В, IEK",<h2>Опис товару</h2><p>Призначена для встановлення в світлосигнальну арматуру IEK.</p> <h2>Технічні характеристики</h2><table><tbody><tr><td>Тип виробу</td><td>лампа LED</td></tr></tbody></table>,Русский ~ Лампа LED
https://001.com.ua/lampa-smennaya-zheltaya-matritsa-36-v-iek,new,,,https://001.com.ua/media/photos/iek/controls/iek-lampa-smennaya-matritsa-photo.jpg,"Лампа сменная желтая матрица 36 В, IEK","Аксессуары к индикаторам, кнопкам управления и переключателям",IEK,BMS10-036-K05,BMS10-036-K05,outofstock,1,12,"93,64","Лампа сменная желтая матрица 36 В, IEK",<h2>Описание товара</h2><p>Предназначена для установки в светосигнальную арматуру IEK.</p> <h2>Технические характеристики</h2><table><tbody><tr><td>Тип изделия</td><td>лампа LED</td></tr></tbody></table>,"Лампа змінна жовта матриця 36 В, IEK",<h2>Опис товару</h2><p>Призначена для встановлення в світлосигнальну арматуру IEK.</p> <h2>Технічні характеристики</h2><table><tbody><tr><td>Тип виробу</td><td>лампа LED</td></tr></tbody></table>,Русский ~ Лампа LED
https://001.com.ua/lampa-smennaya-zelenaya-matritsa-36-v-iek,new,,,https://001.com.ua/media/photos/iek/controls/iek-lampa-smennaya-matritsa-photo.jpg,"Лампа сменная зеленая матрица 36 В, IEK","Аксессуары к индикаторам, кнопкам управления и переключателям",IEK,BMS10-036-K06,BMS10-036-K06,outofstock,1,12,"78,66","Лампа сменная зеленая матрица 36 В, IEK",<h2>Описание товара</h2><p>Предназначена для установки в светосигнальную арматуру IEK.</p> <h2>Технические характеристики</h2><table><tbody><tr><td>Тип изделия</td><td>лампа LED</td></tr></tbody></table>,"Лампа змінна зелена матриця 36 В, IEK",<h2>Опис товару</h2><p>Призначена для встановлення в світлосигнальну арматуру IEK.</p> <h2>Технічні характеристики</h2><table><tbody><tr><td>Тип виробу</td><td>лампа LED</td></tr></tbody></table>,Русский ~ Лампа LED
https://001.com.ua/lampa-smennaya-krasnaya-matritsa-12-v-iek,new,,,https://001.com.ua/media/photos/iek/controls/iek-lampa-smennaya-matritsa-photo.jpg,"Лампа сменная красная матрица 12 В, IEK","Аксессуары к индикаторам, кнопкам управления и переключателям",IEK,BMS10-012-K04,BMS10-012-K04,outofstock,1,12,"70,76","Лампа сменная красная матрица 12 В, IEK",<h2>Описание товара</h2><p>Предназначена для установки в светосигнальную арматуру IEK.</p> <h2>Технические характеристики</h2><table><tbody><tr><td>Тип изделия</td><td>лампа LED</td></tr></tbody></table>,"Лампа змінна червона матриця 12 В, IEK",<h2>Опис товару</h2><p>Призначена для встановлення в світлосигнальну арматуру IEK.</p> <h2>Технічні характеристики</h2><table><tbody><tr><td>Тип виробу</td><td>лампа LED</td></tr></tbody></table>,Русский ~ Лампа LED
https://001.com.ua/lampa-smennaya-krasnaya-matritsa-48-v-iek,new,,,https://001.com.ua/media/photos/iek/controls/iek-lampa-smennaya-matritsa-photo.jpg,"Лампа сменная красная матрица 48 В, IEK","Аксессуары к индикаторам, кнопкам управления и переключателям",IEK,BMS10-048-K04,BMS10-048-K04,outofstock,1,12,"94,36","Лампа сменная красная матрица 48 В, IEK",<h2>Описание товара</h2><p>Предназначена для установки в светосигнальную арматуру IEK.</p> <h2>Технические характеристики</h2><table><tbody><tr><td>Тип изделия</td><td>лампа LED</td></tr></tbody></table>,"Лампа змінна червона матриця 48 В, IEK",<h2>Опис товару</h2><p>Призначена для встановлення в світлосигнальну арматуру IEK.</p> <h2>Технічні характеристики</h2><table><tbody><tr><td>Тип виробу</td><td>лампа LED</td></tr></tbody></table>,Русский ~ Лампа LED
https://001.com.ua/lampa-smennaya-sinyaya-matritsa-24-v-iek,new,,,https://001.com.ua/media/photos/iek/controls/iek-lampa-smennaya-matritsa-photo.jpg,"Лампа сменная синяя матрица 24 В, IEK","Аксессуары к индикаторам, кнопкам управления и переключателям",IEK,BMS10-024-K07,BMS10-024-K07,outofstock,1,12,"70,76","Лампа сменная синяя матрица 24 В, IEK",<h2>Описание товара</h2><p>Предназначена для установки в светосигнальную арматуру IEK.</p> <h2>Технические характеристики</h2><table><tbody><tr><td>Тип изделия</td><td>лампа LED</td></tr></tbody></table>,"Лампа змінна синя матриця 24 В, IEK",<h2>Опис товару</h2><p>Призначена для встановлення в світлосигнальну арматуру IEK.</p> <h2>Технічні характеристики</h2><table><tbody><tr><td>Тип виробу</td><td>лампа LED</td></tr></tbody></table>,Русский ~ Лампа LED
https://001.com.ua/lampa-smennaya-sinyaya-matritsa-36-v-iek,new,,,https://001.com.ua/media/photos/iek/controls/iek-lampa-smennaya-matritsa-photo.jpg,"Лампа сменная синяя матрица 36 В, IEK","Аксессуары к индикаторам, кнопкам управления и переключателям",IEK,BMS10-036-K07,BMS10-036-K07,outofstock,1,12,"93,64","Лампа сменная синяя матрица 36 В, IEK",<h2>Описание товара</h2><p>Предназначена для установки в светосигнальную арматуру IEK.</p> <h2>Технические характеристики</h2><table><tbody><tr><td>Тип изделия</td><td>лампа LED</td></tr></tbody></table>,"Лампа змінна синя матриця 36 В, IEK",<h2>Опис товару</h2><p>Призначена для встановлення в світлосигнальну арматуру IEK.</p> <h2>Технічні характеристики</h2><table><tbody><tr><td>Тип виробу</td><td>лампа LED</td></tr></tbody></table>,Русский ~ Лампа LED
https://001.com.ua/lampa-smennaya-zelenaya-neon-240-v-iek,new,,,https://001.com.ua/media/photos/iek/controls/iek-lampa-smennaya-neon-photo.jpg,"Лампа сменная зеленая неон 240 В, IEK","Аксессуары к индикаторам, кнопкам управления и переключателям",IEK,BMS20-240-K06,BMS20-240-K06,outofstock,1,12,"6,9","Лампа сменная зеленая неон 240 В, IEK",<h2>Описание товара</h2><p>Предназначена для установки в светосигнальную арматуру IEK.</p> <h2>Технические характеристики</h2><table><tbody><tr><td>Тип изделия</td><td>лампа неон</td></tr></tbody></table>,"Лампа змінна зелена неон 240 В, IEK",<h2>Опис товару</h2><p>Призначена для встановлення в світлосигнальну арматуру IEK.</p> <h2>Технічні характеристики</h2><table><tbody><tr><td>Тип виробу</td><td>лампа неон</td></tr></tbody></table>,Русский ~ Лампа неон
https://001.com.ua/kolpachok-smennyy-dlya-al-22te-zelenyy-iek,new,,,https://001.com.ua/media/photos/iek/controls/iek-kolpachok-smennyy-dlya-al-22te-zelenyy-photo.jpg,"Колпачок сменный для AL-22TE зеленый, IEK","Аксессуары к индикаторам, кнопкам управления и переключателям",IEK,BLS30D-KS-ALTE-K06,BLS30D-KS-ALTE-K06,outofstock,1,12,,"Колпачок сменный для AL-22TE зеленый, IEK",<h2>Описание товара</h2><p>Предназначен для установки на лампы AL-22TE.</p> <h2>Технические характеристики</h2><table><tbody><tr><td>Тип изделия</td><td>сменный колпачок</td></tr></tbody></table>,"Ковпачок змінний для AL-22TE зелений, IEK",<h2>Опис товару</h2><p>Призначений для установки на лампи AL-22TE.</p> <h2>Технічні характеристики</h2><table><tbody><tr><td>Тип виробу</td><td>змінний ковпачок</td></tr></tbody></table>,Русский ~ Сменный колпачок
https://001.com.ua/lampa-smennaya-zelenaya-matritsa-220-v-iek,new,,,https://001.com.ua/media/photos/iek/controls/iek-lampa-smennaya-matritsa-photo.jpg,"Лампа сменная зеленая матрица 220 В, IEK","Аксессуары к индикаторам, кнопкам управления и переключателям",IEK,BMS10-220-K06,BMS10-220-K06,outofstock,1,12,,"Лампа сменная зеленая матрица 220 В, IEK",<h2>Описание товара</h2><p>Предназначена для установки в светосигнальную арматуру IEK.</p> <h2>Технические характеристики</h2><table><tbody><tr><td>Тип изделия</td><td>лампа LED</td></tr></tbody></table>,"Лампа змінна зелена матриця 220 В, IEK",<h2>Опис товару</h2><p>Призначена для встановлення в світлосигнальну арматуру IEK.</p> <h2>Технічні характеристики</h2><table><tbody><tr><td>Тип виробу</td><td>лампа LED</td></tr></tbody></table>,Русский ~ Лампа LED
https://001.com.ua/lampa-smennaya-sinyaya-matritsa-220-v-iek,new,,,https://001.com.ua/media/photos/iek/controls/iek-lampa-smennaya-matritsa-photo.jpg,"Лампа сменная синяя матрица 220 В, IEK","Аксессуары к индикаторам, кнопкам управления и переключателям",IEK,BMS10-220-K07,BMS10-220-K07,outofstock,1,12,,"Лампа сменная синяя матрица 220 В, IEK",<h2>Описание товара</h2><p>Предназначена для установки в светосигнальную арматуру IEK.</p> <h2>Технические характеристики</h2><table><tbody><tr><td>Тип изделия</td><td>лампа LED</td></tr></tbody></table>,"Лампа змінна синя матриця 220 В, IEK",<h2>Опис товару</h2><p>Призначена для встановлення в світлосигнальну арматуру IEK.</p> <h2>Технічні характеристики</h2><table><tbody><tr><td>Тип виробу</td><td>лампа LED</td></tr></tbody></table>,Русский ~ Лампа LED
